valeur,plateforme,dispositifs,protocoles,facteurs,uri
16_1,0.0,0.0,0.0,0.0,test:/0/@dispositifs.0/@protocoles.0/@facteurs.0/@modalites.0
1000,0.0,0.0,0.0,0.0,test:/0/@dispositifs.0/@protocoles.0/@facteurs.0/@modalites.1
36_1,0.0,0.0,0.0,0.0,test:/0/@dispositifs.0/@protocoles.0/@facteurs.0/@modalites.2
27_1,0.0,0.0,0.0,0.0,test:/0/@dispositifs.0/@protocoles.0/@facteurs.0/@modalites.3
13_1,0.0,0.0,0.0,0.0,test:/0/@dispositifs.0/@protocoles.0/@facteurs.0/@modalites.4
32_1,0.0,0.0,0.0,0.0,test:/0/@dispositifs.0/@protocoles.0/@facteurs.0/@modalites.5
1_2,0.0,0.0,0.0,0.0,test:/0/@dispositifs.0/@protocoles.0/@facteurs.0/@modalites.6
36_2,0.0,0.0,0.0,0.0,test:/0/@dispositifs.0/@protocoles.0/@facteurs.0/@modalites.7
13_2,0.0,0.0,0.0,0.0,test:/0/@dispositifs.0/@protocoles.0/@facteurs.0/@modalites.8
18_2,0.0,0.0,0.0,0.0,test:/0/@dispositifs.0/@protocoles.0/@facteurs.0/@modalites.9
14_3,0.0,0.0,0.0,0.0,test:/0/@dispositifs.0/@protocoles.0/@facteurs.0/@modalites.10
8_1,0.0,0.0,0.0,0.0,test:/0/@dispositifs.0/@protocoles.0/@facteurs.0/@modalites.11
13_3,0.0,0.0,0.0,0.0,test:/0/@dispositifs.0/@protocoles.0/@facteurs.0/@modalites.12
26_1,0.0,0.0,0.0,0.0,test:/0/@dispositifs.0/@protocoles.0/@facteurs.0/@modalites.13
27_2,0.0,0.0,0.0,0.0,test:/0/@dispositifs.0/@protocoles.0/@facteurs.0/@modalites.14
30_3,0.0,0.0,0.0,0.0,test:/0/@dispositifs.0/@protocoles.0/@facteurs.0/@modalites.15
14_8,0.0,0.0,0.0,0.0,test:/0/@dispositifs.0/@protocoles.0/@facteurs.0/@modalites.16
16_2,0.0,0.0,0.0,0.0,test:/0/@dispositifs.0/@protocoles.0/@facteurs.0/@modalites.17
13_4,0.0,0.0,0.0,0.0,test:/0/@dispositifs.0/@protocoles.0/@facteurs.0/@modalites.18
16_45,0.0,0.0,0.0,0.0,test:/0/@dispositifs.0/@protocoles.0/@facteurs.0/@modalites.19
30_22,0.0,0.0,0.0,0.0,test:/0/@dispositifs.0/@protocoles.0/@facteurs.0/@modalites.20
13_6,0.0,0.0,0.0,0.0,test:/0/@dispositifs.0/@protocoles.0/@facteurs.0/@modalites.21
32_4,0.0,0.0,0.0,0.0,test:/0/@dispositifs.0/@protocoles.0/@facteurs.0/@modalites.22
26_2,0.0,0.0,0.0,0.0,test:/0/@dispositifs.0/@protocoles.0/@facteurs.0/@modalites.23
5_3,0.0,0.0,0.0,0.0,test:/0/@dispositifs.0/@protocoles.0/@facteurs.0/@modalites.24
6_2,0.0,0.0,0.0,0.0,test:/0/@dispositifs.0/@protocoles.0/@facteurs.0/@modalites.25
25_3,0.0,0.0,0.0,0.0,test:/0/@dispositifs.0/@protocoles.0/@facteurs.0/@modalites.26
1_3,0.0,0.0,0.0,0.0,test:/0/@dispositifs.0/@protocoles.0/@facteurs.0/@modalites.27
27_5,0.0,0.0,0.0,0.0,test:/0/@dispositifs.0/@protocoles.0/@facteurs.0/@modalites.28
16_3,0.0,0.0,0.0,0.0,test:/0/@dispositifs.0/@protocoles.0/@facteurs.0/@modalites.29
25_2,0.0,0.0,0.0,0.0,test:/0/@dispositifs.0/@protocoles.0/@facteurs.0/@modalites.30
27_4,0.0,0.0,0.0,0.0,test:/0/@dispositifs.0/@protocoles.0/@facteurs.0/@modalites.31
32_3,0.0,0.0,0.0,0.0,test:/0/@dispositifs.0/@protocoles.0/@facteurs.0/@modalites.32
38_1,0.0,0.0,0.0,0.0,test:/0/@dispositifs.0/@protocoles.0/@facteurs.0/@modalites.33
17_1,0.0,0.0,0.0,0.0,test:/0/@dispositifs.0/@protocoles.0/@facteurs.0/@modalites.34
14_12,0.0,0.0,0.0,0.0,test:/0/@dispositifs.0/@protocoles.0/@facteurs.0/@modalites.35
2_2,0.0,0.0,0.0,0.0,test:/0/@dispositifs.0/@protocoles.0/@facteurs.0/@modalites.36
4_2,0.0,0.0,0.0,0.0,test:/0/@dispositifs.0/@protocoles.0/@facteurs.0/@modalites.37
27_3,0.0,0.0,0.0,0.0,test:/0/@dispositifs.0/@protocoles.0/@facteurs.0/@modalites.38
5_1,0.0,0.0,0.0,0.0,test:/0/@dispositifs.0/@protocoles.0/@facteurs.0/@modalites.39
12_1,0.0,0.0,0.0,0.0,test:/0/@dispositifs.0/@protocoles.0/@facteurs.0/@modalites.40
13_5,0.0,0.0,0.0,0.0,test:/0/@dispositifs.0/@protocoles.0/@facteurs.0/@modalites.41
13_63,0.0,0.0,0.0,0.0,test:/0/@dispositifs.0/@protocoles.0/@facteurs.0/@modalites.42
25_1,0.0,0.0,0.0,0.0,test:/0/@dispositifs.0/@protocoles.0/@facteurs.0/@modalites.43
27_6,0.0,0.0,0.0,0.0,test:/0/@dispositifs.0/@protocoles.0/@facteurs.0/@modalites.44
14_13,0.0,0.0,0.0,0.0,test:/0/@dispositifs.0/@protocoles.0/@facteurs.0/@modalites.45
11_1,0.0,0.0,0.0,0.0,test:/0/@dispositifs.0/@protocoles.0/@facteurs.0/@modalites.46
16_4,0.0,0.0,0.0,0.0,test:/0/@dispositifs.0/@protocoles.0/@facteurs.0/@modalites.47
38_3,0.0,0.0,0.0,0.0,test:/0/@dispositifs.0/@protocoles.0/@facteurs.0/@modalites.48
13_7,0.0,0.0,0.0,0.0,test:/0/@dispositifs.0/@protocoles.0/@facteurs.0/@modalites.49
14_14,0.0,0.0,0.0,0.0,test:/0/@dispositifs.0/@protocoles.0/@facteurs.0/@modalites.50
16_5,0.0,0.0,0.0,0.0,test:/0/@dispositifs.0/@protocoles.0/@facteurs.0/@modalites.51
27_7,0.0,0.0,0.0,0.0,test:/0/@dispositifs.0/@protocoles.0/@facteurs.0/@modalites.52
11_2,0.0,0.0,0.0,0.0,test:/0/@dispositifs.0/@protocoles.0/@facteurs.0/@modalites.53
14_15,0.0,0.0,0.0,0.0,test:/0/@dispositifs.0/@protocoles.0/@facteurs.0/@modalites.54
16_7,0.0,0.0,0.0,0.0,test:/0/@dispositifs.0/@protocoles.0/@facteurs.0/@modalites.55
1_4,0.0,0.0,0.0,0.0,test:/0/@dispositifs.0/@protocoles.0/@facteurs.0/@modalites.56
27_8,0.0,0.0,0.0,0.0,test:/0/@dispositifs.0/@protocoles.0/@facteurs.0/@modalites.57
18_5,0.0,0.0,0.0,0.0,test:/0/@dispositifs.0/@protocoles.0/@facteurs.0/@modalites.58
32_6,0.0,0.0,0.0,0.0,test:/0/@dispositifs.0/@protocoles.0/@facteurs.0/@modalites.59
27_9,0.0,0.0,0.0,0.0,test:/0/@dispositifs.0/@protocoles.0/@facteurs.0/@modalites.60
13_10,0.0,0.0,0.0,0.0,test:/0/@dispositifs.0/@protocoles.0/@facteurs.0/@modalites.61
14_16,0.0,0.0,0.0,0.0,test:/0/@dispositifs.0/@protocoles.0/@facteurs.0/@modalites.62
26_3,0.0,0.0,0.0,0.0,test:/0/@dispositifs.0/@protocoles.0/@facteurs.0/@modalites.63
4_24,0.0,0.0,0.0,0.0,test:/0/@dispositifs.0/@protocoles.0/@facteurs.0/@modalites.64
18_47,0.0,0.0,0.0,0.0,test:/0/@dispositifs.0/@protocoles.0/@facteurs.0/@modalites.65
18_9,0.0,0.0,0.0,0.0,test:/0/@dispositifs.0/@protocoles.0/@facteurs.0/@modalites.66
11_3,0.0,0.0,0.0,0.0,test:/0/@dispositifs.0/@protocoles.0/@facteurs.0/@modalites.67
16_10,0.0,0.0,0.0,0.0,test:/0/@dispositifs.0/@protocoles.0/@facteurs.0/@modalites.68
14_18,0.0,0.0,0.0,0.0,test:/0/@dispositifs.0/@protocoles.0/@facteurs.0/@modalites.69
26_6,0.0,0.0,0.0,0.0,test:/0/@dispositifs.0/@protocoles.0/@facteurs.0/@modalites.70
16_9,0.0,0.0,0.0,0.0,test:/0/@dispositifs.0/@protocoles.0/@facteurs.0/@modalites.71
13_13,0.0,0.0,0.0,0.0,test:/0/@dispositifs.0/@protocoles.0/@facteurs.0/@modalites.72
31_1,0.0,0.0,0.0,0.0,test:/0/@dispositifs.0/@protocoles.0/@facteurs.0/@modalites.73
13_12,0.0,0.0,0.0,0.0,test:/0/@dispositifs.0/@protocoles.0/@facteurs.0/@modalites.74
26_5,0.0,0.0,0.0,0.0,test:/0/@dispositifs.0/@protocoles.0/@facteurs.0/@modalites.75
27_10,0.0,0.0,0.0,0.0,test:/0/@dispositifs.0/@protocoles.0/@facteurs.0/@modalites.76
26_4,0.0,0.0,0.0,0.0,test:/0/@dispositifs.0/@protocoles.0/@facteurs.0/@modalites.77
1_5,0.0,0.0,0.0,0.0,test:/0/@dispositifs.0/@protocoles.0/@facteurs.0/@modalites.78
25_4,0.0,0.0,0.0,0.0,test:/0/@dispositifs.0/@protocoles.0/@facteurs.0/@modalites.79
38_4,0.0,0.0,0.0,0.0,test:/0/@dispositifs.0/@protocoles.0/@facteurs.0/@modalites.80
18_8,0.0,0.0,0.0,0.0,test:/0/@dispositifs.0/@protocoles.0/@facteurs.0/@modalites.81
13_11,0.0,0.0,0.0,0.0,test:/0/@dispositifs.0/@protocoles.0/@facteurs.0/@modalites.82
27_12,0.0,0.0,0.0,0.0,test:/0/@dispositifs.0/@protocoles.0/@facteurs.0/@modalites.83
32_8,0.0,0.0,0.0,0.0,test:/0/@dispositifs.0/@protocoles.0/@facteurs.0/@modalites.84
26_7,0.0,0.0,0.0,0.0,test:/0/@dispositifs.0/@protocoles.0/@facteurs.0/@modalites.85
30_5,0.0,0.0,0.0,0.0,test:/0/@dispositifs.0/@protocoles.0/@facteurs.0/@modalites.86
2_5,0.0,0.0,0.0,0.0,test:/0/@dispositifs.0/@protocoles.0/@facteurs.0/@modalites.87
11_4,0.0,0.0,0.0,0.0,test:/0/@dispositifs.0/@protocoles.0/@facteurs.0/@modalites.88
14_19,0.0,0.0,0.0,0.0,test:/0/@dispositifs.0/@protocoles.0/@facteurs.0/@modalites.89
18_10,0.0,0.0,0.0,0.0,test:/0/@dispositifs.0/@protocoles.0/@facteurs.0/@modalites.90
25_5,0.0,0.0,0.0,0.0,test:/0/@dispositifs.0/@protocoles.0/@facteurs.0/@modalites.91
27_13,0.0,0.0,0.0,0.0,test:/0/@dispositifs.0/@protocoles.0/@facteurs.0/@modalites.92
41_1,0.0,0.0,0.0,0.0,test:/0/@dispositifs.0/@protocoles.0/@facteurs.0/@modalites.93
13_15,0.0,0.0,0.0,0.0,test:/0/@dispositifs.0/@protocoles.0/@facteurs.0/@modalites.94
14_23,0.0,0.0,0.0,0.0,test:/0/@dispositifs.0/@protocoles.0/@facteurs.0/@modalites.95
10_1,0.0,0.0,0.0,0.0,test:/0/@dispositifs.0/@protocoles.0/@facteurs.0/@modalites.96
13_16,0.0,0.0,0.0,0.0,test:/0/@dispositifs.0/@protocoles.0/@facteurs.0/@modalites.97
16_11,0.0,0.0,0.0,0.0,test:/0/@dispositifs.0/@protocoles.0/@facteurs.0/@modalites.98
25_6,0.0,0.0,0.0,0.0,test:/0/@dispositifs.0/@protocoles.0/@facteurs.0/@modalites.99
14_25,0.0,0.0,0.0,0.0,test:/0/@dispositifs.0/@protocoles.0/@facteurs.0/@modalites.100
26_8,0.0,0.0,0.0,0.0,test:/0/@dispositifs.0/@protocoles.0/@facteurs.0/@modalites.101
13_17,0.0,0.0,0.0,0.0,test:/0/@dispositifs.0/@protocoles.0/@facteurs.0/@modalites.102
5_4,0.0,0.0,0.0,0.0,test:/0/@dispositifs.0/@protocoles.0/@facteurs.0/@modalites.103
11_20,0.0,0.0,0.0,0.0,test:/0/@dispositifs.0/@protocoles.0/@facteurs.0/@modalites.104
17_18,0.0,0.0,0.0,0.0,test:/0/@dispositifs.0/@protocoles.0/@facteurs.0/@modalites.105
13_19,0.0,0.0,0.0,0.0,test:/0/@dispositifs.0/@protocoles.0/@facteurs.0/@modalites.106
5_5,0.0,0.0,0.0,0.0,test:/0/@dispositifs.0/@protocoles.0/@facteurs.0/@modalites.107
18_15,0.0,0.0,0.0,0.0,test:/0/@dispositifs.0/@protocoles.0/@facteurs.0/@modalites.108
2_7,0.0,0.0,0.0,0.0,test:/0/@dispositifs.0/@protocoles.0/@facteurs.0/@modalites.109
32_10,0.0,0.0,0.0,0.0,test:/0/@dispositifs.0/@protocoles.0/@facteurs.0/@modalites.110
17_3,0.0,0.0,0.0,0.0,test:/0/@dispositifs.0/@protocoles.0/@facteurs.0/@modalites.111
6_11,0.0,0.0,0.0,0.0,test:/0/@dispositifs.0/@protocoles.0/@facteurs.0/@modalites.112
26_10,0.0,0.0,0.0,0.0,test:/0/@dispositifs.0/@protocoles.0/@facteurs.0/@modalites.113
29_5,0.0,0.0,0.0,0.0,test:/0/@dispositifs.0/@protocoles.0/@facteurs.0/@modalites.114
18_14,0.0,0.0,0.0,0.0,test:/0/@dispositifs.0/@protocoles.0/@facteurs.0/@modalites.115
32_9,0.0,0.0,0.0,0.0,test:/0/@dispositifs.0/@protocoles.0/@facteurs.0/@modalites.116
29_4,0.0,0.0,0.0,0.0,test:/0/@dispositifs.0/@protocoles.0/@facteurs.0/@modalites.117
26_9,0.0,0.0,0.0,0.0,test:/0/@dispositifs.0/@protocoles.0/@facteurs.0/@modalites.118
36_3,0.0,0.0,0.0,0.0,test:/0/@dispositifs.0/@protocoles.0/@facteurs.0/@modalites.119
13_18,0.0,0.0,0.0,0.0,test:/0/@dispositifs.0/@protocoles.0/@facteurs.0/@modalites.120
11_5,0.0,0.0,0.0,0.0,test:/0/@dispositifs.0/@protocoles.0/@facteurs.0/@modalites.121
29_41,0.0,0.0,0.0,0.0,test:/0/@dispositifs.0/@protocoles.0/@facteurs.0/@modalites.122
41_3,0.0,0.0,0.0,0.0,test:/0/@dispositifs.0/@protocoles.0/@facteurs.0/@modalites.123
16_12,0.0,0.0,0.0,0.0,test:/0/@dispositifs.0/@protocoles.0/@facteurs.0/@modalites.124
14_26,0.0,0.0,0.0,0.0,test:/0/@dispositifs.0/@protocoles.0/@facteurs.0/@modalites.125
30_7,0.0,0.0,0.0,0.0,test:/0/@dispositifs.0/@protocoles.0/@facteurs.0/@modalites.126
13_20,0.0,0.0,0.0,0.0,test:/0/@dispositifs.0/@protocoles.0/@facteurs.0/@modalites.127
16_13,0.0,0.0,0.0,0.0,test:/0/@dispositifs.0/@protocoles.0/@facteurs.0/@modalites.128
2_8,0.0,0.0,0.0,0.0,test:/0/@dispositifs.0/@protocoles.0/@facteurs.0/@modalites.129
36_4,0.0,0.0,0.0,0.0,test:/0/@dispositifs.0/@protocoles.0/@facteurs.0/@modalites.130
5_6,0.0,0.0,0.0,0.0,test:/0/@dispositifs.0/@protocoles.0/@facteurs.0/@modalites.131
17_4,0.0,0.0,0.0,0.0,test:/0/@dispositifs.0/@protocoles.0/@facteurs.0/@modalites.132
18_16,0.0,0.0,0.0,0.0,test:/0/@dispositifs.0/@protocoles.0/@facteurs.0/@modalites.133
13_21,0.0,0.0,0.0,0.0,test:/0/@dispositifs.0/@protocoles.0/@facteurs.0/@modalites.134
26_11,0.0,0.0,0.0,0.0,test:/0/@dispositifs.0/@protocoles.0/@facteurs.0/@modalites.135
27_15,0.0,0.0,0.0,0.0,test:/0/@dispositifs.0/@protocoles.0/@facteurs.0/@modalites.136
16_15,0.0,0.0,0.0,0.0,test:/0/@dispositifs.0/@protocoles.0/@facteurs.0/@modalites.137
32_11,0.0,0.0,0.0,0.0,test:/0/@dispositifs.0/@protocoles.0/@facteurs.0/@modalites.138
1_7,0.0,0.0,0.0,0.0,test:/0/@dispositifs.0/@protocoles.0/@facteurs.0/@modalites.139
18_17,0.0,0.0,0.0,0.0,test:/0/@dispositifs.0/@protocoles.0/@facteurs.0/@modalites.140
6_12,0.0,0.0,0.0,0.0,test:/0/@dispositifs.0/@protocoles.0/@facteurs.0/@modalites.141
13_24,0.0,0.0,0.0,0.0,test:/0/@dispositifs.0/@protocoles.0/@facteurs.0/@modalites.142
2_9,0.0,0.0,0.0,0.0,test:/0/@dispositifs.0/@protocoles.0/@facteurs.0/@modalites.143
14_29,0.0,0.0,0.0,0.0,test:/0/@dispositifs.0/@protocoles.0/@facteurs.0/@modalites.144
4_25,0.0,0.0,0.0,0.0,test:/0/@dispositifs.0/@protocoles.0/@facteurs.0/@modalites.145
11_21,0.0,0.0,0.0,0.0,test:/0/@dispositifs.0/@protocoles.0/@facteurs.0/@modalites.146
27_19,0.0,0.0,0.0,0.0,test:/0/@dispositifs.0/@protocoles.0/@facteurs.0/@modalites.147
5_10,0.0,0.0,0.0,0.0,test:/0/@dispositifs.0/@protocoles.0/@facteurs.0/@modalites.148
25_8,0.0,0.0,0.0,0.0,test:/0/@dispositifs.0/@protocoles.0/@facteurs.0/@modalites.149
32_16,0.0,0.0,0.0,0.0,test:/0/@dispositifs.0/@protocoles.0/@facteurs.0/@modalites.150
1_8,0.0,0.0,0.0,0.0,test:/0/@dispositifs.0/@protocoles.0/@facteurs.0/@modalites.151
27_18,0.0,0.0,0.0,0.0,test:/0/@dispositifs.0/@protocoles.0/@facteurs.0/@modalites.152
27_17,0.0,0.0,0.0,0.0,test:/0/@dispositifs.0/@protocoles.0/@facteurs.0/@modalites.153
26_12,0.0,0.0,0.0,0.0,test:/0/@dispositifs.0/@protocoles.0/@facteurs.0/@modalites.154
14_32,0.0,0.0,0.0,0.0,test:/0/@dispositifs.0/@protocoles.0/@facteurs.0/@modalites.155
6_14,0.0,0.0,0.0,0.0,test:/0/@dispositifs.0/@protocoles.0/@facteurs.0/@modalites.156
13_25,0.0,0.0,0.0,0.0,test:/0/@dispositifs.0/@protocoles.0/@facteurs.0/@modalites.157
14_31,0.0,0.0,0.0,0.0,test:/0/@dispositifs.0/@protocoles.0/@facteurs.0/@modalites.158
18_20,0.0,0.0,0.0,0.0,test:/0/@dispositifs.0/@protocoles.0/@facteurs.0/@modalites.159
32_15,0.0,0.0,0.0,0.0,test:/0/@dispositifs.0/@protocoles.0/@facteurs.0/@modalites.160
29_7,0.0,0.0,0.0,0.0,test:/0/@dispositifs.0/@protocoles.0/@facteurs.0/@modalites.161
27_16,0.0,0.0,0.0,0.0,test:/0/@dispositifs.0/@protocoles.0/@facteurs.0/@modalites.162
32_14,0.0,0.0,0.0,0.0,test:/0/@dispositifs.0/@protocoles.0/@facteurs.0/@modalites.163
2_10,0.0,0.0,0.0,0.0,test:/0/@dispositifs.0/@protocoles.0/@facteurs.0/@modalites.164
14_30,0.0,0.0,0.0,0.0,test:/0/@dispositifs.0/@protocoles.0/@facteurs.0/@modalites.165
32_12,0.0,0.0,0.0,0.0,test:/0/@dispositifs.0/@protocoles.0/@facteurs.0/@modalites.166
25_7,0.0,0.0,0.0,0.0,test:/0/@dispositifs.0/@protocoles.0/@facteurs.0/@modalites.167
4_6,0.0,0.0,0.0,0.0,test:/0/@dispositifs.0/@protocoles.0/@facteurs.0/@modalites.168
11_7,0.0,0.0,0.0,0.0,test:/0/@dispositifs.0/@protocoles.0/@facteurs.0/@modalites.169
18_19,0.0,0.0,0.0,0.0,test:/0/@dispositifs.0/@protocoles.0/@facteurs.0/@modalites.170
33_2,0.0,0.0,0.0,0.0,test:/0/@dispositifs.0/@protocoles.0/@facteurs.0/@modalites.171
36_7,0.0,0.0,0.0,0.0,test:/0/@dispositifs.0/@protocoles.0/@facteurs.0/@modalites.172
2_11,0.0,0.0,0.0,0.0,test:/0/@dispositifs.0/@protocoles.0/@facteurs.0/@modalites.173
16_16,0.0,0.0,0.0,0.0,test:/0/@dispositifs.0/@protocoles.0/@facteurs.0/@modalites.174
6_16,0.0,0.0,0.0,0.0,test:/0/@dispositifs.0/@protocoles.0/@facteurs.0/@modalites.175
2_12,0.0,0.0,0.0,0.0,test:/0/@dispositifs.0/@protocoles.0/@facteurs.0/@modalites.176
5_12,0.0,0.0,0.0,0.0,test:/0/@dispositifs.0/@protocoles.0/@facteurs.0/@modalites.177
14_33,0.0,0.0,0.0,0.0,test:/0/@dispositifs.0/@protocoles.0/@facteurs.0/@modalites.178
35_5,0.0,0.0,0.0,0.0,test:/0/@dispositifs.0/@protocoles.0/@facteurs.0/@modalites.179
11_8,0.0,0.0,0.0,0.0,test:/0/@dispositifs.0/@protocoles.0/@facteurs.0/@modalites.180
11_9,0.0,0.0,0.0,0.0,test:/0/@dispositifs.0/@protocoles.0/@facteurs.0/@modalites.181
35_6,0.0,0.0,0.0,0.0,test:/0/@dispositifs.0/@protocoles.0/@facteurs.0/@modalites.182
32_18,0.0,0.0,0.0,0.0,test:/0/@dispositifs.0/@protocoles.0/@facteurs.0/@modalites.183
16_17,0.0,0.0,0.0,0.0,test:/0/@dispositifs.0/@protocoles.0/@facteurs.0/@modalites.184
18_22,0.0,0.0,0.0,0.0,test:/0/@dispositifs.0/@protocoles.0/@facteurs.0/@modalites.185
13_28,0.0,0.0,0.0,0.0,test:/0/@dispositifs.0/@protocoles.0/@facteurs.0/@modalites.186
27_21,0.0,0.0,0.0,0.0,test:/0/@dispositifs.0/@protocoles.0/@facteurs.0/@modalites.187
13_29,0.0,0.0,0.0,0.0,test:/0/@dispositifs.0/@protocoles.0/@facteurs.0/@modalites.188
30_23,0.0,0.0,0.0,0.0,test:/0/@dispositifs.0/@protocoles.0/@facteurs.0/@modalites.189
12_6,0.0,0.0,0.0,0.0,test:/0/@dispositifs.0/@protocoles.0/@facteurs.0/@modalites.190
29_12,0.0,0.0,0.0,0.0,test:/0/@dispositifs.0/@protocoles.0/@facteurs.0/@modalites.191
26_14,0.0,0.0,0.0,0.0,test:/0/@dispositifs.0/@protocoles.0/@facteurs.0/@modalites.192
14_35,0.0,0.0,0.0,0.0,test:/0/@dispositifs.0/@protocoles.0/@facteurs.0/@modalites.193
8_2,0.0,0.0,0.0,0.0,test:/0/@dispositifs.0/@protocoles.0/@facteurs.0/@modalites.194
2_13,0.0,0.0,0.0,0.0,test:/0/@dispositifs.0/@protocoles.0/@facteurs.0/@modalites.195
14_36,0.0,0.0,0.0,0.0,test:/0/@dispositifs.0/@protocoles.0/@facteurs.0/@modalites.196
12_4,0.0,0.0,0.0,0.0,test:/0/@dispositifs.0/@protocoles.0/@facteurs.0/@modalites.197
18_23,0.0,0.0,0.0,0.0,test:/0/@dispositifs.0/@protocoles.0/@facteurs.0/@modalites.198
31_2,0.0,0.0,0.0,0.0,test:/0/@dispositifs.0/@protocoles.0/@facteurs.0/@modalites.199
17_6,0.0,0.0,0.0,0.0,test:/0/@dispositifs.0/@protocoles.0/@facteurs.0/@modalites.200
16_18,0.0,0.0,0.0,0.0,test:/0/@dispositifs.0/@protocoles.0/@facteurs.0/@modalites.201
27_23,0.0,0.0,0.0,0.0,test:/0/@dispositifs.0/@protocoles.0/@facteurs.0/@modalites.202
29_11,0.0,0.0,0.0,0.0,test:/0/@dispositifs.0/@protocoles.0/@facteurs.0/@modalites.203
17_5,0.0,0.0,0.0,0.0,test:/0/@dispositifs.0/@protocoles.0/@facteurs.0/@modalites.204
14_34,0.0,0.0,0.0,0.0,test:/0/@dispositifs.0/@protocoles.0/@facteurs.0/@modalites.205
4_8,0.0,0.0,0.0,0.0,test:/0/@dispositifs.0/@protocoles.0/@facteurs.0/@modalites.206
29_10,0.0,0.0,0.0,0.0,test:/0/@dispositifs.0/@protocoles.0/@facteurs.0/@modalites.207
13_30,0.0,0.0,0.0,0.0,test:/0/@dispositifs.0/@protocoles.0/@facteurs.0/@modalites.208
26_13,0.0,0.0,0.0,0.0,test:/0/@dispositifs.0/@protocoles.0/@facteurs.0/@modalites.209
27_22,0.0,0.0,0.0,0.0,test:/0/@dispositifs.0/@protocoles.0/@facteurs.0/@modalites.210
30_10,0.0,0.0,0.0,0.0,test:/0/@dispositifs.0/@protocoles.0/@facteurs.0/@modalites.211
5_14,0.0,0.0,0.0,0.0,test:/0/@dispositifs.0/@protocoles.0/@facteurs.0/@modalites.212
17_7,0.0,0.0,0.0,0.0,test:/0/@dispositifs.0/@protocoles.0/@facteurs.0/@modalites.213
14_37,0.0,0.0,0.0,0.0,test:/0/@dispositifs.0/@protocoles.0/@facteurs.0/@modalites.214
5_16,0.0,0.0,0.0,0.0,test:/0/@dispositifs.0/@protocoles.0/@facteurs.0/@modalites.215
30_14,0.0,0.0,0.0,0.0,test:/0/@dispositifs.0/@protocoles.0/@facteurs.0/@modalites.216
4_10,0.0,0.0,0.0,0.0,test:/0/@dispositifs.0/@protocoles.0/@facteurs.0/@modalites.217
29_13,0.0,0.0,0.0,0.0,test:/0/@dispositifs.0/@protocoles.0/@facteurs.0/@modalites.218
30_15,0.0,0.0,0.0,0.0,test:/0/@dispositifs.0/@protocoles.0/@facteurs.0/@modalites.219
18_24,0.0,0.0,0.0,0.0,test:/0/@dispositifs.0/@protocoles.0/@facteurs.0/@modalites.220
29_14,0.0,0.0,0.0,0.0,test:/0/@dispositifs.0/@protocoles.0/@facteurs.0/@modalites.221
27_24,0.0,0.0,0.0,0.0,test:/0/@dispositifs.0/@protocoles.0/@facteurs.0/@modalites.222
7_2,0.0,0.0,0.0,0.0,test:/0/@dispositifs.0/@protocoles.0/@facteurs.0/@modalites.223
4_11,0.0,0.0,0.0,0.0,test:/0/@dispositifs.0/@protocoles.0/@facteurs.0/@modalites.224
14_39,0.0,0.0,0.0,0.0,test:/0/@dispositifs.0/@protocoles.0/@facteurs.0/@modalites.225
16_19,0.0,0.0,0.0,0.0,test:/0/@dispositifs.0/@protocoles.0/@facteurs.0/@modalites.226
13_33,0.0,0.0,0.0,0.0,test:/0/@dispositifs.0/@protocoles.0/@facteurs.0/@modalites.227
29_15,0.0,0.0,0.0,0.0,test:/0/@dispositifs.0/@protocoles.0/@facteurs.0/@modalites.228
26_15,0.0,0.0,0.0,0.0,test:/0/@dispositifs.0/@protocoles.0/@facteurs.0/@modalites.229
18_26,0.0,0.0,0.0,0.0,test:/0/@dispositifs.0/@protocoles.0/@facteurs.0/@modalites.230
32_19,0.0,0.0,0.0,0.0,test:/0/@dispositifs.0/@protocoles.0/@facteurs.0/@modalites.231
16_20,0.0,0.0,0.0,0.0,test:/0/@dispositifs.0/@protocoles.0/@facteurs.0/@modalites.232
4_26,0.0,0.0,0.0,0.0,test:/0/@dispositifs.0/@protocoles.0/@facteurs.0/@modalites.233
16_23,0.0,0.0,0.0,0.0,test:/0/@dispositifs.0/@protocoles.0/@facteurs.0/@modalites.234
4_13,0.0,0.0,0.0,0.0,test:/0/@dispositifs.0/@protocoles.0/@facteurs.0/@modalites.235
13_34,0.0,0.0,0.0,0.0,test:/0/@dispositifs.0/@protocoles.0/@facteurs.0/@modalites.236
27_26,0.0,0.0,0.0,0.0,test:/0/@dispositifs.0/@protocoles.0/@facteurs.0/@modalites.237
14_43,0.0,0.0,0.0,0.0,test:/0/@dispositifs.0/@protocoles.0/@facteurs.0/@modalites.238
11_10,0.0,0.0,0.0,0.0,test:/0/@dispositifs.0/@protocoles.0/@facteurs.0/@modalites.239
25_11,0.0,0.0,0.0,0.0,test:/0/@dispositifs.0/@protocoles.0/@facteurs.0/@modalites.240
32_23,0.0,0.0,0.0,0.0,test:/0/@dispositifs.0/@protocoles.0/@facteurs.0/@modalites.241
18_27,0.0,0.0,0.0,0.0,test:/0/@dispositifs.0/@protocoles.0/@facteurs.0/@modalites.242
8_4,0.0,0.0,0.0,0.0,test:/0/@dispositifs.0/@protocoles.0/@facteurs.0/@modalites.243
16_22,0.0,0.0,0.0,0.0,test:/0/@dispositifs.0/@protocoles.0/@facteurs.0/@modalites.244
14_42,0.0,0.0,0.0,0.0,test:/0/@dispositifs.0/@protocoles.0/@facteurs.0/@modalites.245
31_3,0.0,0.0,0.0,0.0,test:/0/@dispositifs.0/@protocoles.0/@facteurs.0/@modalites.246
8_3,0.0,0.0,0.0,0.0,test:/0/@dispositifs.0/@protocoles.0/@facteurs.0/@modalites.247
14_41,0.0,0.0,0.0,0.0,test:/0/@dispositifs.0/@protocoles.0/@facteurs.0/@modalites.248
17_8,0.0,0.0,0.0,0.0,test:/0/@dispositifs.0/@protocoles.0/@facteurs.0/@modalites.249
32_21,0.0,0.0,0.0,0.0,test:/0/@dispositifs.0/@protocoles.0/@facteurs.0/@modalites.250
6_20,0.0,0.0,0.0,0.0,test:/0/@dispositifs.0/@protocoles.0/@facteurs.0/@modalites.251
25_9,0.0,0.0,0.0,0.0,test:/0/@dispositifs.0/@protocoles.0/@facteurs.0/@modalites.252
16_21,0.0,0.0,0.0,0.0,test:/0/@dispositifs.0/@protocoles.0/@facteurs.0/@modalites.253
2_14,0.0,0.0,0.0,0.0,test:/0/@dispositifs.0/@protocoles.0/@facteurs.0/@modalites.254
18_28,0.0,0.0,0.0,0.0,test:/0/@dispositifs.0/@protocoles.0/@facteurs.0/@modalites.255
5_17,0.0,0.0,0.0,0.0,test:/0/@dispositifs.0/@protocoles.0/@facteurs.0/@modalites.256
16_24,0.0,0.0,0.0,0.0,test:/0/@dispositifs.0/@protocoles.0/@facteurs.0/@modalites.257
29_17,0.0,0.0,0.0,0.0,test:/0/@dispositifs.0/@protocoles.0/@facteurs.0/@modalites.258
8_5,0.0,0.0,0.0,0.0,test:/0/@dispositifs.0/@protocoles.0/@facteurs.0/@modalites.259
38_5,0.0,0.0,0.0,0.0,test:/0/@dispositifs.0/@protocoles.0/@facteurs.0/@modalites.260
26_16,0.0,0.0,0.0,0.0,test:/0/@dispositifs.0/@protocoles.0/@facteurs.0/@modalites.261
31_13,0.0,0.0,0.0,0.0,test:/0/@dispositifs.0/@protocoles.0/@facteurs.0/@modalites.262
13_36,0.0,0.0,0.0,0.0,test:/0/@dispositifs.0/@protocoles.0/@facteurs.0/@modalites.263
26_17,0.0,0.0,0.0,0.0,test:/0/@dispositifs.0/@protocoles.0/@facteurs.0/@modalites.264
11_11,0.0,0.0,0.0,0.0,test:/0/@dispositifs.0/@protocoles.0/@facteurs.0/@modalites.265
30_16,0.0,0.0,0.0,0.0,test:/0/@dispositifs.0/@protocoles.0/@facteurs.0/@modalites.266
32_24,0.0,0.0,0.0,0.0,test:/0/@dispositifs.0/@protocoles.0/@facteurs.0/@modalites.267
13_37,0.0,0.0,0.0,0.0,test:/0/@dispositifs.0/@protocoles.0/@facteurs.0/@modalites.268
18_30,0.0,0.0,0.0,0.0,test:/0/@dispositifs.0/@protocoles.0/@facteurs.0/@modalites.269
6_33,0.0,0.0,0.0,0.0,test:/0/@dispositifs.0/@protocoles.0/@facteurs.0/@modalites.270
14_47,0.0,0.0,0.0,0.0,test:/0/@dispositifs.0/@protocoles.0/@facteurs.0/@modalites.271
30_17,0.0,0.0,0.0,0.0,test:/0/@dispositifs.0/@protocoles.0/@facteurs.0/@modalites.272
26_28,0.0,0.0,0.0,0.0,test:/0/@dispositifs.0/@protocoles.0/@facteurs.0/@modalites.273
17_19,0.0,0.0,0.0,0.0,test:/0/@dispositifs.0/@protocoles.0/@facteurs.0/@modalites.274
30_24,0.0,0.0,0.0,0.0,test:/0/@dispositifs.0/@protocoles.0/@facteurs.0/@modalites.275
13_40,0.0,0.0,0.0,0.0,test:/0/@dispositifs.0/@protocoles.0/@facteurs.0/@modalites.276
32_27,0.0,0.0,0.0,0.0,test:/0/@dispositifs.0/@protocoles.0/@facteurs.0/@modalites.277
18_32,0.0,0.0,0.0,0.0,test:/0/@dispositifs.0/@protocoles.0/@facteurs.0/@modalites.278
4_14,0.0,0.0,0.0,0.0,test:/0/@dispositifs.0/@protocoles.0/@facteurs.0/@modalites.279
13_39,0.0,0.0,0.0,0.0,test:/0/@dispositifs.0/@protocoles.0/@facteurs.0/@modalites.280
36_10,0.0,0.0,0.0,0.0,test:/0/@dispositifs.0/@protocoles.0/@facteurs.0/@modalites.281
26_19,0.0,0.0,0.0,0.0,test:/0/@dispositifs.0/@protocoles.0/@facteurs.0/@modalites.282
35_7,0.0,0.0,0.0,0.0,test:/0/@dispositifs.0/@protocoles.0/@facteurs.0/@modalites.283
14_48,0.0,0.0,0.0,0.0,test:/0/@dispositifs.0/@protocoles.0/@facteurs.0/@modalites.284
14_49,0.0,0.0,0.0,0.0,test:/0/@dispositifs.0/@protocoles.0/@facteurs.0/@modalites.285
13_41,0.0,0.0,0.0,0.0,test:/0/@dispositifs.0/@protocoles.0/@facteurs.0/@modalites.286
29_18,0.0,0.0,0.0,0.0,test:/0/@dispositifs.0/@protocoles.0/@facteurs.0/@modalites.287
32_28,0.0,0.0,0.0,0.0,test:/0/@dispositifs.0/@protocoles.0/@facteurs.0/@modalites.288
13_42,0.0,0.0,0.0,0.0,test:/0/@dispositifs.0/@protocoles.0/@facteurs.0/@modalites.289
32_29,0.0,0.0,0.0,0.0,test:/0/@dispositifs.0/@protocoles.0/@facteurs.0/@modalites.290
13_43,0.0,0.0,0.0,0.0,test:/0/@dispositifs.0/@protocoles.0/@facteurs.0/@modalites.291
32_30,0.0,0.0,0.0,0.0,test:/0/@dispositifs.0/@protocoles.0/@facteurs.0/@modalites.292
36_14,0.0,0.0,0.0,0.0,test:/0/@dispositifs.0/@protocoles.0/@facteurs.0/@modalites.293
29_20,0.0,0.0,0.0,0.0,test:/0/@dispositifs.0/@protocoles.0/@facteurs.0/@modalites.294
18_37,0.0,0.0,0.0,0.0,test:/0/@dispositifs.0/@protocoles.0/@facteurs.0/@modalites.295
14_54,0.0,0.0,0.0,0.0,test:/0/@dispositifs.0/@protocoles.0/@facteurs.0/@modalites.296
8_6,0.0,0.0,0.0,0.0,test:/0/@dispositifs.0/@protocoles.0/@facteurs.0/@modalites.297
31_8,0.0,0.0,0.0,0.0,test:/0/@dispositifs.0/@protocoles.0/@facteurs.0/@modalites.298
1_15,0.0,0.0,0.0,0.0,test:/0/@dispositifs.0/@protocoles.0/@facteurs.0/@modalites.299
35_14,0.0,0.0,0.0,0.0,test:/0/@dispositifs.0/@protocoles.0/@facteurs.0/@modalites.300
14_53,0.0,0.0,0.0,0.0,test:/0/@dispositifs.0/@protocoles.0/@facteurs.0/@modalites.301
25_13,0.0,0.0,0.0,0.0,test:/0/@dispositifs.0/@protocoles.0/@facteurs.0/@modalites.302
5_21,0.0,0.0,0.0,0.0,test:/0/@dispositifs.0/@protocoles.0/@facteurs.0/@modalites.303
31_6,0.0,0.0,0.0,0.0,test:/0/@dispositifs.0/@protocoles.0/@facteurs.0/@modalites.304
5_20,0.0,0.0,0.0,0.0,test:/0/@dispositifs.0/@protocoles.0/@facteurs.0/@modalites.305
4_18,0.0,0.0,0.0,0.0,test:/0/@dispositifs.0/@protocoles.0/@facteurs.0/@modalites.306
14_52,0.0,0.0,0.0,0.0,test:/0/@dispositifs.0/@protocoles.0/@facteurs.0/@modalites.307
6_25,0.0,0.0,0.0,0.0,test:/0/@dispositifs.0/@protocoles.0/@facteurs.0/@modalites.308
32_31,0.0,0.0,0.0,0.0,test:/0/@dispositifs.0/@protocoles.0/@facteurs.0/@modalites.309
6_26,0.0,0.0,0.0,0.0,test:/0/@dispositifs.0/@protocoles.0/@facteurs.0/@modalites.310
17_12,0.0,0.0,0.0,0.0,test:/0/@dispositifs.0/@protocoles.0/@facteurs.0/@modalites.311
16_33,0.0,0.0,0.0,0.0,test:/0/@dispositifs.0/@protocoles.0/@facteurs.0/@modalites.312
2_15,0.0,0.0,0.0,0.0,test:/0/@dispositifs.0/@protocoles.0/@facteurs.0/@modalites.313
18_38,0.0,0.0,0.0,0.0,test:/0/@dispositifs.0/@protocoles.0/@facteurs.0/@modalites.314
36_12,0.0,0.0,0.0,0.0,test:/0/@dispositifs.0/@protocoles.0/@facteurs.0/@modalites.315
29_22,0.0,0.0,0.0,0.0,test:/0/@dispositifs.0/@protocoles.0/@facteurs.0/@modalites.316
14_55,0.0,0.0,0.0,0.0,test:/0/@dispositifs.0/@protocoles.0/@facteurs.0/@modalites.317
11_15,0.0,0.0,0.0,0.0,test:/0/@dispositifs.0/@protocoles.0/@facteurs.0/@modalites.318
17_13,0.0,0.0,0.0,0.0,test:/0/@dispositifs.0/@protocoles.0/@facteurs.0/@modalites.319
4_20,0.0,0.0,0.0,0.0,test:/0/@dispositifs.0/@protocoles.0/@facteurs.0/@modalites.320
36_13,0.0,0.0,0.0,0.0,test:/0/@dispositifs.0/@protocoles.0/@facteurs.0/@modalites.321
14_56,0.0,0.0,0.0,0.0,test:/0/@dispositifs.0/@protocoles.0/@facteurs.0/@modalites.322
16_34,0.0,0.0,0.0,0.0,test:/0/@dispositifs.0/@protocoles.0/@facteurs.0/@modalites.323
14_57,0.0,0.0,0.0,0.0,test:/0/@dispositifs.0/@protocoles.0/@facteurs.0/@modalites.324
6_35,0.0,0.0,0.0,0.0,test:/0/@dispositifs.0/@protocoles.0/@facteurs.0/@modalites.325
25_17,0.0,0.0,0.0,0.0,test:/0/@dispositifs.0/@protocoles.0/@facteurs.0/@modalites.326
18_41,0.0,0.0,0.0,0.0,test:/0/@dispositifs.0/@protocoles.0/@facteurs.0/@modalites.327
2_16,0.0,0.0,0.0,0.0,test:/0/@dispositifs.0/@protocoles.0/@facteurs.0/@modalites.328
5_22,0.0,0.0,0.0,0.0,test:/0/@dispositifs.0/@protocoles.0/@facteurs.0/@modalites.329
13_49,0.0,0.0,0.0,0.0,test:/0/@dispositifs.0/@protocoles.0/@facteurs.0/@modalites.330
26_26,0.0,0.0,0.0,0.0,test:/0/@dispositifs.0/@protocoles.0/@facteurs.0/@modalites.331
35_15,0.0,0.0,0.0,0.0,test:/0/@dispositifs.0/@protocoles.0/@facteurs.0/@modalites.332
26_25,0.0,0.0,0.0,0.0,test:/0/@dispositifs.0/@protocoles.0/@facteurs.0/@modalites.333
25_14,0.0,0.0,0.0,0.0,test:/0/@dispositifs.0/@protocoles.0/@facteurs.0/@modalites.334
13_48,0.0,0.0,0.0,0.0,test:/0/@dispositifs.0/@protocoles.0/@facteurs.0/@modalites.335
13_47,0.0,0.0,0.0,0.0,test:/0/@dispositifs.0/@protocoles.0/@facteurs.0/@modalites.336
1_18,0.0,0.0,0.0,0.0,test:/0/@dispositifs.0/@protocoles.0/@facteurs.0/@modalites.337
32_33,0.0,0.0,0.0,0.0,test:/0/@dispositifs.0/@protocoles.0/@facteurs.0/@modalites.338
27_35,0.0,0.0,0.0,0.0,test:/0/@dispositifs.0/@protocoles.0/@facteurs.0/@modalites.339
31_9,0.0,0.0,0.0,0.0,test:/0/@dispositifs.0/@protocoles.0/@facteurs.0/@modalites.340
18_40,0.0,0.0,0.0,0.0,test:/0/@dispositifs.0/@protocoles.0/@facteurs.0/@modalites.341
26_24,0.0,0.0,0.0,0.0,test:/0/@dispositifs.0/@protocoles.0/@facteurs.0/@modalites.342
14_58,0.0,0.0,0.0,0.0,test:/0/@dispositifs.0/@protocoles.0/@facteurs.0/@modalites.343
11_12,0.0,0.0,0.0,0.0,test:/0/@dispositifs.0/@protocoles.0/@facteurs.0/@modalites.344
32_32,0.0,0.0,0.0,0.0,test:/0/@dispositifs.0/@protocoles.0/@facteurs.0/@modalites.345
1_16,0.0,0.0,0.0,0.0,test:/0/@dispositifs.0/@protocoles.0/@facteurs.0/@modalites.346
27_36,0.0,0.0,0.0,0.0,test:/0/@dispositifs.0/@protocoles.0/@facteurs.0/@modalites.347
26_27,0.0,0.0,0.0,0.0,test:/0/@dispositifs.0/@protocoles.0/@facteurs.0/@modalites.348
13_50,0.0,0.0,0.0,0.0,test:/0/@dispositifs.0/@protocoles.0/@facteurs.0/@modalites.349
18_44,0.0,0.0,0.0,0.0,test:/0/@dispositifs.0/@protocoles.0/@facteurs.0/@modalites.350
6_29,0.0,0.0,0.0,0.0,test:/0/@dispositifs.0/@protocoles.0/@facteurs.0/@modalites.351
17_14,0.0,0.0,0.0,0.0,test:/0/@dispositifs.0/@protocoles.0/@facteurs.0/@modalites.352
13_51,0.0,0.0,0.0,0.0,test:/0/@dispositifs.0/@protocoles.0/@facteurs.0/@modalites.353
27_37,0.0,0.0,0.0,0.0,test:/0/@dispositifs.0/@protocoles.0/@facteurs.0/@modalites.354
16_37,0.0,0.0,0.0,0.0,test:/0/@dispositifs.0/@protocoles.0/@facteurs.0/@modalites.355
13_54,0.0,0.0,0.0,0.0,test:/0/@dispositifs.0/@protocoles.0/@facteurs.0/@modalites.356
29_26,0.0,0.0,0.0,0.0,test:/0/@dispositifs.0/@protocoles.0/@facteurs.0/@modalites.357
31_11,0.0,0.0,0.0,0.0,test:/0/@dispositifs.0/@protocoles.0/@facteurs.0/@modalites.358
18_43,0.0,0.0,0.0,0.0,test:/0/@dispositifs.0/@protocoles.0/@facteurs.0/@modalites.359
27_38,0.0,0.0,0.0,0.0,test:/0/@dispositifs.0/@protocoles.0/@facteurs.0/@modalites.360
27_39,0.0,0.0,0.0,0.0,test:/0/@dispositifs.0/@protocoles.0/@facteurs.0/@modalites.361
18_48,0.0,0.0,0.0,0.0,test:/0/@dispositifs.0/@protocoles.0/@facteurs.0/@modalites.362
32_38,0.0,0.0,0.0,0.0,test:/0/@dispositifs.0/@protocoles.0/@facteurs.0/@modalites.363
14_63,0.0,0.0,0.0,0.0,test:/0/@dispositifs.0/@protocoles.0/@facteurs.0/@modalites.364
25_16,0.0,0.0,0.0,0.0,test:/0/@dispositifs.0/@protocoles.0/@facteurs.0/@modalites.365
14_62,0.0,0.0,0.0,0.0,test:/0/@dispositifs.0/@protocoles.0/@facteurs.0/@modalites.366
17_16,0.0,0.0,0.0,0.0,test:/0/@dispositifs.0/@protocoles.0/@facteurs.0/@modalites.367
13_57,0.0,0.0,0.0,0.0,test:/0/@dispositifs.0/@protocoles.0/@facteurs.0/@modalites.368
35_16,0.0,0.0,0.0,0.0,test:/0/@dispositifs.0/@protocoles.0/@facteurs.0/@modalites.369
5_24,0.0,0.0,0.0,0.0,test:/0/@dispositifs.0/@protocoles.0/@facteurs.0/@modalites.370
18_46,0.0,0.0,0.0,0.0,test:/0/@dispositifs.0/@protocoles.0/@facteurs.0/@modalites.371
1_17,0.0,0.0,0.0,0.0,test:/0/@dispositifs.0/@protocoles.0/@facteurs.0/@modalites.372
4_22,0.0,0.0,0.0,0.0,test:/0/@dispositifs.0/@protocoles.0/@facteurs.0/@modalites.373
11_17,0.0,0.0,0.0,0.0,test:/0/@dispositifs.0/@protocoles.0/@facteurs.0/@modalites.374
30_20,0.0,0.0,0.0,0.0,test:/0/@dispositifs.0/@protocoles.0/@facteurs.0/@modalites.375
16_40,0.0,0.0,0.0,0.0,test:/0/@dispositifs.0/@protocoles.0/@facteurs.0/@modalites.376
11_16,0.0,0.0,0.0,0.0,test:/0/@dispositifs.0/@protocoles.0/@facteurs.0/@modalites.377
16_39,0.0,0.0,0.0,0.0,test:/0/@dispositifs.0/@protocoles.0/@facteurs.0/@modalites.378
27_40,0.0,0.0,0.0,0.0,test:/0/@dispositifs.0/@protocoles.0/@facteurs.0/@modalites.379
31_12,0.0,0.0,0.0,0.0,test:/0/@dispositifs.0/@protocoles.0/@facteurs.0/@modalites.380
38_7,0.0,0.0,0.0,0.0,test:/0/@dispositifs.0/@protocoles.0/@facteurs.0/@modalites.381
13_59,0.0,0.0,0.0,0.0,test:/0/@dispositifs.0/@protocoles.0/@facteurs.0/@modalites.382
32_36,0.0,0.0,0.0,0.0,test:/0/@dispositifs.0/@protocoles.0/@facteurs.0/@modalites.383
14_64,0.0,0.0,0.0,0.0,test:/0/@dispositifs.0/@protocoles.0/@facteurs.0/@modalites.384
1_19,0.0,0.0,0.0,0.0,test:/0/@dispositifs.0/@protocoles.0/@facteurs.0/@modalites.385
13_60,0.0,0.0,0.0,0.0,test:/0/@dispositifs.0/@protocoles.0/@facteurs.0/@modalites.386
29_28,0.0,0.0,0.0,0.0,test:/0/@dispositifs.0/@protocoles.0/@facteurs.0/@modalites.387
11_18,0.0,0.0,0.0,0.0,test:/0/@dispositifs.0/@protocoles.0/@facteurs.0/@modalites.388
11_19,0.0,0.0,0.0,0.0,test:/0/@dispositifs.0/@protocoles.0/@facteurs.0/@modalites.389
5_25,0.0,0.0,0.0,0.0,test:/0/@dispositifs.0/@protocoles.0/@facteurs.0/@modalites.390
32_52,0.0,0.0,0.0,0.0,test:/0/@dispositifs.0/@protocoles.0/@facteurs.0/@modalites.391
25_28,0.0,0.0,0.0,0.0,test:/0/@dispositifs.0/@protocoles.0/@facteurs.0/@modalites.392
16_66,0.0,0.0,0.0,0.0,test:/0/@dispositifs.0/@protocoles.0/@facteurs.0/@modalites.393
13_95,0.0,0.0,0.0,0.0,test:/0/@dispositifs.0/@protocoles.0/@facteurs.0/@modalites.394
27_46,0.0,0.0,0.0,0.0,test:/0/@dispositifs.0/@protocoles.0/@facteurs.0/@modalites.395
18_50,0.0,0.0,0.0,0.0,test:/0/@dispositifs.0/@protocoles.0/@facteurs.0/@modalites.396
13_65,0.0,0.0,0.0,0.0,test:/0/@dispositifs.0/@protocoles.0/@facteurs.0/@modalites.397
14_68,0.0,0.0,0.0,0.0,test:/0/@dispositifs.0/@protocoles.0/@facteurs.0/@modalites.398
35_19,0.0,0.0,0.0,0.0,test:/0/@dispositifs.0/@protocoles.0/@facteurs.0/@modalites.399
27_45,0.0,0.0,0.0,0.0,test:/0/@dispositifs.0/@protocoles.0/@facteurs.0/@modalites.400
14_67,0.0,0.0,0.0,0.0,test:/0/@dispositifs.0/@protocoles.0/@facteurs.0/@modalites.401
18_49,0.0,0.0,0.0,0.0,test:/0/@dispositifs.0/@protocoles.0/@facteurs.0/@modalites.402
13_64,0.0,0.0,0.0,0.0,test:/0/@dispositifs.0/@protocoles.0/@facteurs.0/@modalites.403
16_47,0.0,0.0,0.0,0.0,test:/0/@dispositifs.0/@protocoles.0/@facteurs.0/@modalites.404
4_27,0.0,0.0,0.0,0.0,test:/0/@dispositifs.0/@protocoles.0/@facteurs.0/@modalites.405
29_30,0.0,0.0,0.0,0.0,test:/0/@dispositifs.0/@protocoles.0/@facteurs.0/@modalites.406
25_18,0.0,0.0,0.0,0.0,test:/0/@dispositifs.0/@protocoles.0/@facteurs.0/@modalites.407
1_20,0.0,0.0,0.0,0.0,test:/0/@dispositifs.0/@protocoles.0/@facteurs.0/@modalites.408
26_29,0.0,0.0,0.0,0.0,test:/0/@dispositifs.0/@protocoles.0/@facteurs.0/@modalites.409
32_39,0.0,0.0,0.0,0.0,test:/0/@dispositifs.0/@protocoles.0/@facteurs.0/@modalites.410
29_31,0.0,0.0,0.0,0.0,test:/0/@dispositifs.0/@protocoles.0/@facteurs.0/@modalites.411
13_66,0.0,0.0,0.0,0.0,test:/0/@dispositifs.0/@protocoles.0/@facteurs.0/@modalites.412
1_29,0.0,0.0,0.0,0.0,test:/0/@dispositifs.0/@protocoles.0/@facteurs.0/@modalites.413
27_67,0.0,0.0,0.0,0.0,test:/0/@dispositifs.0/@protocoles.0/@facteurs.0/@modalites.414
31_20,0.0,0.0,0.0,0.0,test:/0/@dispositifs.0/@protocoles.0/@facteurs.0/@modalites.415
29_43,0.0,0.0,0.0,0.0,test:/0/@dispositifs.0/@protocoles.0/@facteurs.0/@modalites.416
14_97,0.0,0.0,0.0,0.0,test:/0/@dispositifs.0/@protocoles.0/@facteurs.0/@modalites.417
16_67,0.0,0.0,0.0,0.0,test:/0/@dispositifs.0/@protocoles.0/@facteurs.0/@modalites.418
14_99,0.0,0.0,0.0,0.0,test:/0/@dispositifs.0/@protocoles.0/@facteurs.0/@modalites.419
18_74,0.0,0.0,0.0,0.0,test:/0/@dispositifs.0/@protocoles.0/@facteurs.0/@modalites.420
32_53,0.0,0.0,0.0,0.0,test:/0/@dispositifs.0/@protocoles.0/@facteurs.0/@modalites.421
27_48,0.0,0.0,0.0,0.0,test:/0/@dispositifs.0/@protocoles.0/@facteurs.0/@modalites.422
41_4,0.0,0.0,0.0,0.0,test:/0/@dispositifs.0/@protocoles.0/@facteurs.0/@modalites.423
27_47,0.0,0.0,0.0,0.0,test:/0/@dispositifs.0/@protocoles.0/@facteurs.0/@modalites.424
36_16,0.0,0.0,0.0,0.0,test:/0/@dispositifs.0/@protocoles.0/@facteurs.0/@modalites.425
11_22,0.0,0.0,0.0,0.0,test:/0/@dispositifs.0/@protocoles.0/@facteurs.0/@modalites.426
26_30,0.0,0.0,0.0,0.0,test:/0/@dispositifs.0/@protocoles.0/@facteurs.0/@modalites.427
17_21,0.0,0.0,0.0,0.0,test:/0/@dispositifs.0/@protocoles.0/@facteurs.0/@modalites.428
13_68,0.0,0.0,0.0,0.0,test:/0/@dispositifs.0/@protocoles.0/@facteurs.0/@modalites.429
6_37,0.0,0.0,0.0,0.0,test:/0/@dispositifs.0/@protocoles.0/@facteurs.0/@modalites.430
5_26,0.0,0.0,0.0,0.0,test:/0/@dispositifs.0/@protocoles.0/@facteurs.0/@modalites.431
5_27,0.0,0.0,0.0,0.0,test:/0/@dispositifs.0/@protocoles.0/@facteurs.0/@modalites.432
26_31,0.0,0.0,0.0,0.0,test:/0/@dispositifs.0/@protocoles.0/@facteurs.0/@modalites.433
18_54,0.0,0.0,0.0,0.0,test:/0/@dispositifs.0/@protocoles.0/@facteurs.0/@modalites.434
26_42,0.0,0.0,0.0,0.0,test:/0/@dispositifs.0/@protocoles.0/@facteurs.0/@modalites.435
29_44,0.0,0.0,0.0,0.0,test:/0/@dispositifs.0/@protocoles.0/@facteurs.0/@modalites.436
1_30,0.0,0.0,0.0,0.0,test:/0/@dispositifs.0/@protocoles.0/@facteurs.0/@modalites.437
31_21,0.0,0.0,0.0,0.0,test:/0/@dispositifs.0/@protocoles.0/@facteurs.0/@modalites.438
26_43,0.0,0.0,0.0,0.0,test:/0/@dispositifs.0/@protocoles.0/@facteurs.0/@modalites.439
32_54,0.0,0.0,0.0,0.0,test:/0/@dispositifs.0/@protocoles.0/@facteurs.0/@modalites.440
25_29,0.0,0.0,0.0,0.0,test:/0/@dispositifs.0/@protocoles.0/@facteurs.0/@modalites.441
14_74,0.0,0.0,0.0,0.0,test:/0/@dispositifs.0/@protocoles.0/@facteurs.0/@modalites.442
26_32,0.0,0.0,0.0,0.0,test:/0/@dispositifs.0/@protocoles.0/@facteurs.0/@modalites.443
18_56,0.0,0.0,0.0,0.0,test:/0/@dispositifs.0/@protocoles.0/@facteurs.0/@modalites.444
14_73,0.0,0.0,0.0,0.0,test:/0/@dispositifs.0/@protocoles.0/@facteurs.0/@modalites.445
13_72,0.0,0.0,0.0,0.0,test:/0/@dispositifs.0/@protocoles.0/@facteurs.0/@modalites.446
29_33,0.0,0.0,0.0,0.0,test:/0/@dispositifs.0/@protocoles.0/@facteurs.0/@modalites.447
17_22,0.0,0.0,0.0,0.0,test:/0/@dispositifs.0/@protocoles.0/@facteurs.0/@modalites.448
10_2,0.0,0.0,0.0,0.0,test:/0/@dispositifs.0/@protocoles.0/@facteurs.0/@modalites.449
18_55,0.0,0.0,0.0,0.0,test:/0/@dispositifs.0/@protocoles.0/@facteurs.0/@modalites.450
27_49,0.0,0.0,0.0,0.0,test:/0/@dispositifs.0/@protocoles.0/@facteurs.0/@modalites.451
14_76,0.0,0.0,0.0,0.0,test:/0/@dispositifs.0/@protocoles.0/@facteurs.0/@modalites.452
26_33,0.0,0.0,0.0,0.0,test:/0/@dispositifs.0/@protocoles.0/@facteurs.0/@modalites.453
32_40,0.0,0.0,0.0,0.0,test:/0/@dispositifs.0/@protocoles.0/@facteurs.0/@modalites.454
25_20,0.0,0.0,0.0,0.0,test:/0/@dispositifs.0/@protocoles.0/@facteurs.0/@modalites.455
30_25,0.0,0.0,0.0,0.0,test:/0/@dispositifs.0/@protocoles.0/@facteurs.0/@modalites.456
27_50,0.0,0.0,0.0,0.0,test:/0/@dispositifs.0/@protocoles.0/@facteurs.0/@modalites.457
16_51,0.0,0.0,0.0,0.0,test:/0/@dispositifs.0/@protocoles.0/@facteurs.0/@modalites.458
4_28,0.0,0.0,0.0,0.0,test:/0/@dispositifs.0/@protocoles.0/@facteurs.0/@modalites.459
35_20,0.0,0.0,0.0,0.0,test:/0/@dispositifs.0/@protocoles.0/@facteurs.0/@modalites.460
16_52,0.0,0.0,0.0,0.0,test:/0/@dispositifs.0/@protocoles.0/@facteurs.0/@modalites.461
14_100,0.0,0.0,0.0,0.0,test:/0/@dispositifs.0/@protocoles.0/@facteurs.0/@modalites.462
4_36,0.0,0.0,0.0,0.0,test:/0/@dispositifs.0/@protocoles.0/@facteurs.0/@modalites.463
17_26,0.0,0.0,0.0,0.0,test:/0/@dispositifs.0/@protocoles.0/@facteurs.0/@modalites.464
16_69,0.0,0.0,0.0,0.0,test:/0/@dispositifs.0/@protocoles.0/@facteurs.0/@modalites.465
7_4,0.0,0.0,0.0,0.0,test:/0/@dispositifs.0/@protocoles.0/@facteurs.0/@modalites.466
16_71,0.0,0.0,0.0,0.0,test:/0/@dispositifs.0/@protocoles.0/@facteurs.0/@modalites.467
2_25,0.0,0.0,0.0,0.0,test:/0/@dispositifs.0/@protocoles.0/@facteurs.0/@modalites.468
13_98,0.0,0.0,0.0,0.0,test:/0/@dispositifs.0/@protocoles.0/@facteurs.0/@modalites.469
13_75,0.0,0.0,0.0,0.0,test:/0/@dispositifs.0/@protocoles.0/@facteurs.0/@modalites.470
30_26,0.0,0.0,0.0,0.0,test:/0/@dispositifs.0/@protocoles.0/@facteurs.0/@modalites.471
13_74,0.0,0.0,0.0,0.0,test:/0/@dispositifs.0/@protocoles.0/@facteurs.0/@modalites.472
14_78,0.0,0.0,0.0,0.0,test:/0/@dispositifs.0/@protocoles.0/@facteurs.0/@modalites.473
18_59,0.0,0.0,0.0,0.0,test:/0/@dispositifs.0/@protocoles.0/@facteurs.0/@modalites.474
16_53,0.0,0.0,0.0,0.0,test:/0/@dispositifs.0/@protocoles.0/@facteurs.0/@modalites.475
31_14,0.0,0.0,0.0,0.0,test:/0/@dispositifs.0/@protocoles.0/@facteurs.0/@modalites.476
27_51,0.0,0.0,0.0,0.0,test:/0/@dispositifs.0/@protocoles.0/@facteurs.0/@modalites.477
14_77,0.0,0.0,0.0,0.0,test:/0/@dispositifs.0/@protocoles.0/@facteurs.0/@modalites.478
25_21,0.0,0.0,0.0,0.0,test:/0/@dispositifs.0/@protocoles.0/@facteurs.0/@modalites.479
5_29,0.0,0.0,0.0,0.0,test:/0/@dispositifs.0/@protocoles.0/@facteurs.0/@modalites.480
13_77,0.0,0.0,0.0,0.0,test:/0/@dispositifs.0/@protocoles.0/@facteurs.0/@modalites.481
12_8,0.0,0.0,0.0,0.0,test:/0/@dispositifs.0/@protocoles.0/@facteurs.0/@modalites.482
17_23,0.0,0.0,0.0,0.0,test:/0/@dispositifs.0/@protocoles.0/@facteurs.0/@modalites.483
32_42,0.0,0.0,0.0,0.0,test:/0/@dispositifs.0/@protocoles.0/@facteurs.0/@modalites.484
16_54,0.0,0.0,0.0,0.0,test:/0/@dispositifs.0/@protocoles.0/@facteurs.0/@modalites.485
18_60,0.0,0.0,0.0,0.0,test:/0/@dispositifs.0/@protocoles.0/@facteurs.0/@modalites.486
32_55,0.0,0.0,0.0,0.0,test:/0/@dispositifs.0/@protocoles.0/@facteurs.0/@modalites.487
4_37,0.0,0.0,0.0,0.0,test:/0/@dispositifs.0/@protocoles.0/@facteurs.0/@modalites.488
14_101,0.0,0.0,0.0,0.0,test:/0/@dispositifs.0/@protocoles.0/@facteurs.0/@modalites.489
13_99,0.0,0.0,0.0,0.0,test:/0/@dispositifs.0/@protocoles.0/@facteurs.0/@modalites.490
27_70,0.0,0.0,0.0,0.0,test:/0/@dispositifs.0/@protocoles.0/@facteurs.0/@modalites.491
4_38,0.0,0.0,0.0,0.0,test:/0/@dispositifs.0/@protocoles.0/@facteurs.0/@modalites.492
14_102,0.0,0.0,0.0,0.0,test:/0/@dispositifs.0/@protocoles.0/@facteurs.0/@modalites.493
18_77,0.0,0.0,0.0,0.0,test:/0/@dispositifs.0/@protocoles.0/@facteurs.0/@modalites.494
27_54,0.0,0.0,0.0,0.0,test:/0/@dispositifs.0/@protocoles.0/@facteurs.0/@modalites.495
13_78,0.0,0.0,0.0,0.0,test:/0/@dispositifs.0/@protocoles.0/@facteurs.0/@modalites.496
16_56,0.0,0.0,0.0,0.0,test:/0/@dispositifs.0/@protocoles.0/@facteurs.0/@modalites.497
18_63,0.0,0.0,0.0,0.0,test:/0/@dispositifs.0/@protocoles.0/@facteurs.0/@modalites.498
14_82,0.0,0.0,0.0,0.0,test:/0/@dispositifs.0/@protocoles.0/@facteurs.0/@modalites.499
30_27,0.0,0.0,0.0,0.0,test:/0/@dispositifs.0/@protocoles.0/@facteurs.0/@modalites.500
27_53,0.0,0.0,0.0,0.0,test:/0/@dispositifs.0/@protocoles.0/@facteurs.0/@modalites.501
29_35,0.0,0.0,0.0,0.0,test:/0/@dispositifs.0/@protocoles.0/@facteurs.0/@modalites.502
18_62,0.0,0.0,0.0,0.0,test:/0/@dispositifs.0/@protocoles.0/@facteurs.0/@modalites.503
14_81,0.0,0.0,0.0,0.0,test:/0/@dispositifs.0/@protocoles.0/@facteurs.0/@modalites.504
1_22,0.0,0.0,0.0,0.0,test:/0/@dispositifs.0/@protocoles.0/@facteurs.0/@modalites.505
4_30,0.0,0.0,0.0,0.0,test:/0/@dispositifs.0/@protocoles.0/@facteurs.0/@modalites.506
13_80,0.0,0.0,0.0,0.0,test:/0/@dispositifs.0/@protocoles.0/@facteurs.0/@modalites.507
25_22,0.0,0.0,0.0,0.0,test:/0/@dispositifs.0/@protocoles.0/@facteurs.0/@modalites.508
16_57,0.0,0.0,0.0,0.0,test:/0/@dispositifs.0/@protocoles.0/@facteurs.0/@modalites.509
29_36,0.0,0.0,0.0,0.0,test:/0/@dispositifs.0/@protocoles.0/@facteurs.0/@modalites.510
36_17,0.0,0.0,0.0,0.0,test:/0/@dispositifs.0/@protocoles.0/@facteurs.0/@modalites.511
26_34,0.0,0.0,0.0,0.0,test:/0/@dispositifs.0/@protocoles.0/@facteurs.0/@modalites.512
27_55,0.0,0.0,0.0,0.0,test:/0/@dispositifs.0/@protocoles.0/@facteurs.0/@modalites.513
6_42,0.0,0.0,0.0,0.0,test:/0/@dispositifs.0/@protocoles.0/@facteurs.0/@modalites.514
16_58,0.0,0.0,0.0,0.0,test:/0/@dispositifs.0/@protocoles.0/@facteurs.0/@modalites.515
30_33,0.0,0.0,0.0,0.0,test:/0/@dispositifs.0/@protocoles.0/@facteurs.0/@modalites.516
26_44,0.0,0.0,0.0,0.0,test:/0/@dispositifs.0/@protocoles.0/@facteurs.0/@modalites.517
1_31,0.0,0.0,0.0,0.0,test:/0/@dispositifs.0/@protocoles.0/@facteurs.0/@modalites.518
29_45,0.0,0.0,0.0,0.0,test:/0/@dispositifs.0/@protocoles.0/@facteurs.0/@modalites.519
17_27,0.0,0.0,0.0,0.0,test:/0/@dispositifs.0/@protocoles.0/@facteurs.0/@modalites.520
14_69,0.0,0.0,0.0,0.0,test:/0/@dispositifs.0/@protocoles.0/@facteurs.0/@modalites.521
16_46,0.0,0.0,0.0,0.0,test:/0/@dispositifs.0/@protocoles.0/@facteurs.0/@modalites.522
18_51,0.0,0.0,0.0,0.0,test:/0/@dispositifs.0/@protocoles.0/@facteurs.0/@modalites.523
13_84,0.0,0.0,0.0,0.0,test:/0/@dispositifs.0/@protocoles.0/@facteurs.0/@modalites.524
18_65,0.0,0.0,0.0,0.0,test:/0/@dispositifs.0/@protocoles.0/@facteurs.0/@modalites.525
25_23,0.0,0.0,0.0,0.0,test:/0/@dispositifs.0/@protocoles.0/@facteurs.0/@modalites.526
14_86,0.0,0.0,0.0,0.0,test:/0/@dispositifs.0/@protocoles.0/@facteurs.0/@modalites.527
27_56,0.0,0.0,0.0,0.0,test:/0/@dispositifs.0/@protocoles.0/@facteurs.0/@modalites.528
13_83,0.0,0.0,0.0,0.0,test:/0/@dispositifs.0/@protocoles.0/@facteurs.0/@modalites.529
32_44,0.0,0.0,0.0,0.0,test:/0/@dispositifs.0/@protocoles.0/@facteurs.0/@modalites.530
11_23,0.0,0.0,0.0,0.0,test:/0/@dispositifs.0/@protocoles.0/@facteurs.0/@modalites.531
14_85,0.0,0.0,0.0,0.0,test:/0/@dispositifs.0/@protocoles.0/@facteurs.0/@modalites.532
26_35,0.0,0.0,0.0,0.0,test:/0/@dispositifs.0/@protocoles.0/@facteurs.0/@modalites.533
13_82,0.0,0.0,0.0,0.0,test:/0/@dispositifs.0/@protocoles.0/@facteurs.0/@modalites.534
2_19,0.0,0.0,0.0,0.0,test:/0/@dispositifs.0/@protocoles.0/@facteurs.0/@modalites.535
30_28,0.0,0.0,0.0,0.0,test:/0/@dispositifs.0/@protocoles.0/@facteurs.0/@modalites.536
31_15,0.0,0.0,0.0,0.0,test:/0/@dispositifs.0/@protocoles.0/@facteurs.0/@modalites.537
35_21,0.0,0.0,0.0,0.0,test:/0/@dispositifs.0/@protocoles.0/@facteurs.0/@modalites.538
26_36,0.0,0.0,0.0,0.0,test:/0/@dispositifs.0/@protocoles.0/@facteurs.0/@modalites.539
30_29,0.0,0.0,0.0,0.0,test:/0/@dispositifs.0/@protocoles.0/@facteurs.0/@modalites.540
11_24,0.0,0.0,0.0,0.0,test:/0/@dispositifs.0/@protocoles.0/@facteurs.0/@modalites.541
31_16,0.0,0.0,0.0,0.0,test:/0/@dispositifs.0/@protocoles.0/@facteurs.0/@modalites.542
13_85,0.0,0.0,0.0,0.0,test:/0/@dispositifs.0/@protocoles.0/@facteurs.0/@modalites.543
14_88,0.0,0.0,0.0,0.0,test:/0/@dispositifs.0/@protocoles.0/@facteurs.0/@modalites.544
27_57,0.0,0.0,0.0,0.0,test:/0/@dispositifs.0/@protocoles.0/@facteurs.0/@modalites.545
14_66,0.0,0.0,0.0,0.0,test:/0/@dispositifs.0/@protocoles.0/@facteurs.0/@modalites.546
18_52,0.0,0.0,0.0,0.0,test:/0/@dispositifs.0/@protocoles.0/@facteurs.0/@modalites.547
14_70,0.0,0.0,0.0,0.0,test:/0/@dispositifs.0/@protocoles.0/@facteurs.0/@modalites.548
13_67,0.0,0.0,0.0,0.0,test:/0/@dispositifs.0/@protocoles.0/@facteurs.0/@modalites.549
16_59,0.0,0.0,0.0,0.0,test:/0/@dispositifs.0/@protocoles.0/@facteurs.0/@modalites.550
14_93,0.0,0.0,0.0,0.0,test:/0/@dispositifs.0/@protocoles.0/@facteurs.0/@modalites.551
17_20,0.0,0.0,0.0,0.0,test:/0/@dispositifs.0/@protocoles.0/@facteurs.0/@modalites.552
13_86,0.0,0.0,0.0,0.0,test:/0/@dispositifs.0/@protocoles.0/@facteurs.0/@modalites.553
32_45,0.0,0.0,0.0,0.0,test:/0/@dispositifs.0/@protocoles.0/@facteurs.0/@modalites.554
14_92,0.0,0.0,0.0,0.0,test:/0/@dispositifs.0/@protocoles.0/@facteurs.0/@modalites.555
35_22,0.0,0.0,0.0,0.0,test:/0/@dispositifs.0/@protocoles.0/@facteurs.0/@modalites.556
18_67,0.0,0.0,0.0,0.0,test:/0/@dispositifs.0/@protocoles.0/@facteurs.0/@modalites.557
18_66,0.0,0.0,0.0,0.0,test:/0/@dispositifs.0/@protocoles.0/@facteurs.0/@modalites.558
1_25,0.0,0.0,0.0,0.0,test:/0/@dispositifs.0/@protocoles.0/@facteurs.0/@modalites.559
11_25,0.0,0.0,0.0,0.0,test:/0/@dispositifs.0/@protocoles.0/@facteurs.0/@modalites.560
27_58,0.0,0.0,0.0,0.0,test:/0/@dispositifs.0/@protocoles.0/@facteurs.0/@modalites.561
26_37,0.0,0.0,0.0,0.0,test:/0/@dispositifs.0/@protocoles.0/@facteurs.0/@modalites.562
13_87,0.0,0.0,0.0,0.0,test:/0/@dispositifs.0/@protocoles.0/@facteurs.0/@modalites.563
32_46,0.0,0.0,0.0,0.0,test:/0/@dispositifs.0/@protocoles.0/@facteurs.0/@modalites.564
16_60,0.0,0.0,0.0,0.0,test:/0/@dispositifs.0/@protocoles.0/@facteurs.0/@modalites.565
2_21,0.0,0.0,0.0,0.0,test:/0/@dispositifs.0/@protocoles.0/@facteurs.0/@modalites.566
4_31,0.0,0.0,0.0,0.0,test:/0/@dispositifs.0/@protocoles.0/@facteurs.0/@modalites.567
29_38,0.0,0.0,0.0,0.0,test:/0/@dispositifs.0/@protocoles.0/@facteurs.0/@modalites.568
14_72,0.0,0.0,0.0,0.0,test:/0/@dispositifs.0/@protocoles.0/@facteurs.0/@modalites.569
13_71,0.0,0.0,0.0,0.0,test:/0/@dispositifs.0/@protocoles.0/@facteurs.0/@modalites.570
13_73,0.0,0.0,0.0,0.0,test:/0/@dispositifs.0/@protocoles.0/@facteurs.0/@modalites.571
14_79,0.0,0.0,0.0,0.0,test:/0/@dispositifs.0/@protocoles.0/@facteurs.0/@modalites.572
18_57,0.0,0.0,0.0,0.0,test:/0/@dispositifs.0/@protocoles.0/@facteurs.0/@modalites.573
29_34,0.0,0.0,0.0,0.0,test:/0/@dispositifs.0/@protocoles.0/@facteurs.0/@modalites.574
14_75,0.0,0.0,0.0,0.0,test:/0/@dispositifs.0/@protocoles.0/@facteurs.0/@modalites.575
27_62,0.0,0.0,0.0,0.0,test:/0/@dispositifs.0/@protocoles.0/@facteurs.0/@modalites.576
11_26,0.0,0.0,0.0,0.0,test:/0/@dispositifs.0/@protocoles.0/@facteurs.0/@modalites.577
13_88,0.0,0.0,0.0,0.0,test:/0/@dispositifs.0/@protocoles.0/@facteurs.0/@modalites.578
29_39,0.0,0.0,0.0,0.0,test:/0/@dispositifs.0/@protocoles.0/@facteurs.0/@modalites.579
27_61,0.0,0.0,0.0,0.0,test:/0/@dispositifs.0/@protocoles.0/@facteurs.0/@modalites.580
26_38,0.0,0.0,0.0,0.0,test:/0/@dispositifs.0/@protocoles.0/@facteurs.0/@modalites.581
14_91,0.0,0.0,0.0,0.0,test:/0/@dispositifs.0/@protocoles.0/@facteurs.0/@modalites.582
1_27,0.0,0.0,0.0,0.0,test:/0/@dispositifs.0/@protocoles.0/@facteurs.0/@modalites.583
25_24,0.0,0.0,0.0,0.0,test:/0/@dispositifs.0/@protocoles.0/@facteurs.0/@modalites.584
2_22,0.0,0.0,0.0,0.0,test:/0/@dispositifs.0/@protocoles.0/@facteurs.0/@modalites.585
36_23,0.0,0.0,0.0,0.0,test:/0/@dispositifs.0/@protocoles.0/@facteurs.0/@modalites.586
32_47,0.0,0.0,0.0,0.0,test:/0/@dispositifs.0/@protocoles.0/@facteurs.0/@modalites.587
32_48,0.0,0.0,0.0,0.0,test:/0/@dispositifs.0/@protocoles.0/@facteurs.0/@modalites.588
5_30,0.0,0.0,0.0,0.0,test:/0/@dispositifs.0/@protocoles.0/@facteurs.0/@modalites.589
13_76,0.0,0.0,0.0,0.0,test:/0/@dispositifs.0/@protocoles.0/@facteurs.0/@modalites.590
14_80,0.0,0.0,0.0,0.0,test:/0/@dispositifs.0/@protocoles.0/@facteurs.0/@modalites.591
14_83,0.0,0.0,0.0,0.0,test:/0/@dispositifs.0/@protocoles.0/@facteurs.0/@modalites.592
18_72,0.0,0.0,0.0,0.0,test:/0/@dispositifs.0/@protocoles.0/@facteurs.0/@modalites.593
32_51,0.0,0.0,0.0,0.0,test:/0/@dispositifs.0/@protocoles.0/@facteurs.0/@modalites.594
18_64,0.0,0.0,0.0,0.0,test:/0/@dispositifs.0/@protocoles.0/@facteurs.0/@modalites.595
11_27,0.0,0.0,0.0,0.0,test:/0/@dispositifs.0/@protocoles.0/@facteurs.0/@modalites.596
29_40,0.0,0.0,0.0,0.0,test:/0/@dispositifs.0/@protocoles.0/@facteurs.0/@modalites.597
13_94,0.0,0.0,0.0,0.0,test:/0/@dispositifs.0/@protocoles.0/@facteurs.0/@modalites.598
30_32,0.0,0.0,0.0,0.0,test:/0/@dispositifs.0/@protocoles.0/@facteurs.0/@modalites.599
26_41,0.0,0.0,0.0,0.0,test:/0/@dispositifs.0/@protocoles.0/@facteurs.0/@modalites.600
4_33,0.0,0.0,0.0,0.0,test:/0/@dispositifs.0/@protocoles.0/@facteurs.0/@modalites.601
35_23,0.0,0.0,0.0,0.0,test:/0/@dispositifs.0/@protocoles.0/@facteurs.0/@modalites.602
25_27,0.0,0.0,0.0,0.0,test:/0/@dispositifs.0/@protocoles.0/@facteurs.0/@modalites.603
13_93,0.0,0.0,0.0,0.0,test:/0/@dispositifs.0/@protocoles.0/@facteurs.0/@modalites.604
16_64,0.0,0.0,0.0,0.0,test:/0/@dispositifs.0/@protocoles.0/@facteurs.0/@modalites.605
27_65,0.0,0.0,0.0,0.0,test:/0/@dispositifs.0/@protocoles.0/@facteurs.0/@modalites.606
14_96,0.0,0.0,0.0,0.0,test:/0/@dispositifs.0/@protocoles.0/@facteurs.0/@modalites.607
14_84,0.0,0.0,0.0,0.0,test:/0/@dispositifs.0/@protocoles.0/@facteurs.0/@modalites.608
13_79,0.0,0.0,0.0,0.0,test:/0/@dispositifs.0/@protocoles.0/@facteurs.0/@modalites.609
2_23,0.0,0.0,0.0,0.0,test:/0/@dispositifs.0/@protocoles.0/@facteurs.0/@modalites.610
26_39,0.0,0.0,0.0,0.0,test:/0/@dispositifs.0/@protocoles.0/@facteurs.0/@modalites.611
32_50,0.0,0.0,0.0,0.0,test:/0/@dispositifs.0/@protocoles.0/@facteurs.0/@modalites.612
18_69,0.0,0.0,0.0,0.0,test:/0/@dispositifs.0/@protocoles.0/@facteurs.0/@modalites.613
27_64,0.0,0.0,0.0,0.0,test:/0/@dispositifs.0/@protocoles.0/@facteurs.0/@modalites.614
32_49,0.0,0.0,0.0,0.0,test:/0/@dispositifs.0/@protocoles.0/@facteurs.0/@modalites.615
13_91,0.0,0.0,0.0,0.0,test:/0/@dispositifs.0/@protocoles.0/@facteurs.0/@modalites.616
16_62,0.0,0.0,0.0,0.0,test:/0/@dispositifs.0/@protocoles.0/@facteurs.0/@modalites.617
27_63,0.0,0.0,0.0,0.0,test:/0/@dispositifs.0/@protocoles.0/@facteurs.0/@modalites.618
18_70,0.0,0.0,0.0,0.0,test:/0/@dispositifs.0/@protocoles.0/@facteurs.0/@modalites.619
18_73,0.0,0.0,0.0,0.0,test:/0/@dispositifs.0/@protocoles.0/@facteurs.0/@modalites.620
14_94,0.0,0.0,0.0,0.0,test:/0/@dispositifs.0/@protocoles.0/@facteurs.0/@modalites.621
14_95,0.0,0.0,0.0,0.0,test:/0/@dispositifs.0/@protocoles.0/@facteurs.0/@modalites.622
13_92,0.0,0.0,0.0,0.0,test:/0/@dispositifs.0/@protocoles.0/@facteurs.0/@modalites.623
30_31,0.0,0.0,0.0,0.0,test:/0/@dispositifs.0/@protocoles.0/@facteurs.0/@modalites.624
11_28,0.0,0.0,0.0,0.0,test:/0/@dispositifs.0/@protocoles.0/@facteurs.0/@modalites.625
16_65,0.0,0.0,0.0,0.0,test:/0/@dispositifs.0/@protocoles.0/@facteurs.0/@modalites.626
13_96,0.0,0.0,0.0,0.0,test:/0/@dispositifs.0/@protocoles.0/@facteurs.0/@modalites.627
30_34,0.0,0.0,0.0,0.0,test:/0/@dispositifs.0/@protocoles.0/@facteurs.0/@modalites.628
29_46,0.0,0.0,0.0,0.0,test:/0/@dispositifs.0/@protocoles.0/@facteurs.0/@modalites.629
16_75,0.0,0.0,0.0,0.0,test:/0/@dispositifs.0/@protocoles.0/@facteurs.0/@modalites.630
26_45,0.0,0.0,0.0,0.0,test:/0/@dispositifs.0/@protocoles.0/@facteurs.0/@modalites.631
27_71,0.0,0.0,0.0,0.0,test:/0/@dispositifs.0/@protocoles.0/@facteurs.0/@modalites.632
31_23,0.0,0.0,0.0,0.0,test:/0/@dispositifs.0/@protocoles.0/@facteurs.0/@modalites.633
14_103,0.0,0.0,0.0,0.0,test:/0/@dispositifs.0/@protocoles.0/@facteurs.0/@modalites.634
11_29,0.0,0.0,0.0,0.0,test:/0/@dispositifs.0/@protocoles.0/@facteurs.0/@modalites.635
35_25,0.0,0.0,0.0,0.0,test:/0/@dispositifs.0/@protocoles.0/@facteurs.0/@modalites.636
13_100,0.0,0.0,0.0,0.0,test:/0/@dispositifs.0/@protocoles.0/@facteurs.0/@modalites.637
6_51,0.0,0.0,0.0,0.0,test:/0/@dispositifs.0/@protocoles.0/@facteurs.0/@modalites.638
32_56,0.0,0.0,0.0,0.0,test:/0/@dispositifs.0/@protocoles.0/@facteurs.0/@modalites.639
16_72,0.0,0.0,0.0,0.0,test:/0/@dispositifs.0/@protocoles.0/@facteurs.0/@modalites.640
18_78,0.0,0.0,0.0,0.0,test:/0/@dispositifs.0/@protocoles.0/@facteurs.0/@modalites.641
14_104,0.0,0.0,0.0,0.0,test:/0/@dispositifs.0/@protocoles.0/@facteurs.0/@modalites.642
13_101,0.0,0.0,0.0,0.0,test:/0/@dispositifs.0/@protocoles.0/@facteurs.0/@modalites.643
17_28,0.0,0.0,0.0,0.0,test:/0/@dispositifs.0/@protocoles.0/@facteurs.0/@modalites.644
25_30,0.0,0.0,0.0,0.0,test:/0/@dispositifs.0/@protocoles.0/@facteurs.0/@modalites.645
14_98,0.0,0.0,0.0,0.0,test:/0/@dispositifs.0/@protocoles.0/@facteurs.0/@modalites.646
4_35,0.0,0.0,0.0,0.0,test:/0/@dispositifs.0/@protocoles.0/@facteurs.0/@modalites.647
31_19,0.0,0.0,0.0,0.0,test:/0/@dispositifs.0/@protocoles.0/@facteurs.0/@modalites.648
6_48,0.0,0.0,0.0,0.0,test:/0/@dispositifs.0/@protocoles.0/@facteurs.0/@modalites.649
11_30,0.0,0.0,0.0,0.0,test:/0/@dispositifs.0/@protocoles.0/@facteurs.0/@modalites.650
6_52,0.0,0.0,0.0,0.0,test:/0/@dispositifs.0/@protocoles.0/@facteurs.0/@modalites.651
16_74,0.0,0.0,0.0,0.0,test:/0/@dispositifs.0/@protocoles.0/@facteurs.0/@modalites.652
4_39,0.0,0.0,0.0,0.0,test:/0/@dispositifs.0/@protocoles.0/@facteurs.0/@modalites.653
8_7,0.0,0.0,0.0,0.0,test:/0/@dispositifs.0/@protocoles.0/@facteurs.0/@modalites.654
11_31,0.0,0.0,0.0,0.0,test:/0/@dispositifs.0/@protocoles.0/@facteurs.0/@modalites.655
13_102,0.0,0.0,0.0,0.0,test:/0/@dispositifs.0/@protocoles.0/@facteurs.0/@modalites.656
4_40,0.0,0.0,0.0,0.0,test:/0/@dispositifs.0/@protocoles.0/@facteurs.0/@modalites.657
14_105,0.0,0.0,0.0,0.0,test:/0/@dispositifs.0/@protocoles.0/@facteurs.0/@modalites.658
