combinaisons,nom,nomcourt,nbrepetitions,plateforme,dispositifs,protocoles,uri
['test:/0/@dispositifs.0/@protocoles.0/@facteurs.0/@modalites.0'],16_1,1,1,0.0,0.0,0.0,test:/0/@dispositifs.0/@protocoles.0/@traitements.0
['test:/0/@dispositifs.0/@protocoles.0/@facteurs.0/@modalites.1'],1000,2,232,0.0,0.0,0.0,test:/0/@dispositifs.0/@protocoles.0/@traitements.1
['test:/0/@dispositifs.0/@protocoles.0/@facteurs.0/@modalites.2'],36_1,3,1,0.0,0.0,0.0,test:/0/@dispositifs.0/@protocoles.0/@traitements.2
['test:/0/@dispositifs.0/@protocoles.0/@facteurs.0/@modalites.3'],27_1,4,1,0.0,0.0,0.0,test:/0/@dispositifs.0/@protocoles.0/@traitements.3
['test:/0/@dispositifs.0/@protocoles.0/@facteurs.0/@modalites.4'],13_1,5,1,0.0,0.0,0.0,test:/0/@dispositifs.0/@protocoles.0/@traitements.4
['test:/0/@dispositifs.0/@protocoles.0/@facteurs.0/@modalites.5'],32_1,6,1,0.0,0.0,0.0,test:/0/@dispositifs.0/@protocoles.0/@traitements.5
['test:/0/@dispositifs.0/@protocoles.0/@facteurs.0/@modalites.6'],1_2,7,1,0.0,0.0,0.0,test:/0/@dispositifs.0/@protocoles.0/@traitements.6
['test:/0/@dispositifs.0/@protocoles.0/@facteurs.0/@modalites.7'],36_2,8,1,0.0,0.0,0.0,test:/0/@dispositifs.0/@protocoles.0/@traitements.7
['test:/0/@dispositifs.0/@protocoles.0/@facteurs.0/@modalites.8'],13_2,9,1,0.0,0.0,0.0,test:/0/@dispositifs.0/@protocoles.0/@traitements.8
['test:/0/@dispositifs.0/@protocoles.0/@facteurs.0/@modalites.9'],18_2,10,1,0.0,0.0,0.0,test:/0/@dispositifs.0/@protocoles.0/@traitements.9
['test:/0/@dispositifs.0/@protocoles.0/@facteurs.0/@modalites.10'],14_3,11,1,0.0,0.0,0.0,test:/0/@dispositifs.0/@protocoles.0/@traitements.10
['test:/0/@dispositifs.0/@protocoles.0/@facteurs.0/@modalites.11'],8_1,12,1,0.0,0.0,0.0,test:/0/@dispositifs.0/@protocoles.0/@traitements.11
['test:/0/@dispositifs.0/@protocoles.0/@facteurs.0/@modalites.12'],13_3,13,1,0.0,0.0,0.0,test:/0/@dispositifs.0/@protocoles.0/@traitements.12
['test:/0/@dispositifs.0/@protocoles.0/@facteurs.0/@modalites.13'],26_1,14,1,0.0,0.0,0.0,test:/0/@dispositifs.0/@protocoles.0/@traitements.13
['test:/0/@dispositifs.0/@protocoles.0/@facteurs.0/@modalites.14'],27_2,15,1,0.0,0.0,0.0,test:/0/@dispositifs.0/@protocoles.0/@traitements.14
['test:/0/@dispositifs.0/@protocoles.0/@facteurs.0/@modalites.15'],30_3,16,1,0.0,0.0,0.0,test:/0/@dispositifs.0/@protocoles.0/@traitements.15
['test:/0/@dispositifs.0/@protocoles.0/@facteurs.0/@modalites.16'],14_8,17,1,0.0,0.0,0.0,test:/0/@dispositifs.0/@protocoles.0/@traitements.16
['test:/0/@dispositifs.0/@protocoles.0/@facteurs.0/@modalites.17'],16_2,18,1,0.0,0.0,0.0,test:/0/@dispositifs.0/@protocoles.0/@traitements.17
['test:/0/@dispositifs.0/@protocoles.0/@facteurs.0/@modalites.18'],13_4,19,1,0.0,0.0,0.0,test:/0/@dispositifs.0/@protocoles.0/@traitements.18
['test:/0/@dispositifs.0/@protocoles.0/@facteurs.0/@modalites.19'],16_45,20,1,0.0,0.0,0.0,test:/0/@dispositifs.0/@protocoles.0/@traitements.19
['test:/0/@dispositifs.0/@protocoles.0/@facteurs.0/@modalites.20'],30_22,21,1,0.0,0.0,0.0,test:/0/@dispositifs.0/@protocoles.0/@traitements.20
['test:/0/@dispositifs.0/@protocoles.0/@facteurs.0/@modalites.21'],13_6,22,1,0.0,0.0,0.0,test:/0/@dispositifs.0/@protocoles.0/@traitements.21
['test:/0/@dispositifs.0/@protocoles.0/@facteurs.0/@modalites.22'],32_4,23,1,0.0,0.0,0.0,test:/0/@dispositifs.0/@protocoles.0/@traitements.22
['test:/0/@dispositifs.0/@protocoles.0/@facteurs.0/@modalites.23'],26_2,24,1,0.0,0.0,0.0,test:/0/@dispositifs.0/@protocoles.0/@traitements.23
['test:/0/@dispositifs.0/@protocoles.0/@facteurs.0/@modalites.24'],5_3,25,1,0.0,0.0,0.0,test:/0/@dispositifs.0/@protocoles.0/@traitements.24
['test:/0/@dispositifs.0/@protocoles.0/@facteurs.0/@modalites.25'],6_2,26,1,0.0,0.0,0.0,test:/0/@dispositifs.0/@protocoles.0/@traitements.25
['test:/0/@dispositifs.0/@protocoles.0/@facteurs.0/@modalites.26'],25_3,27,1,0.0,0.0,0.0,test:/0/@dispositifs.0/@protocoles.0/@traitements.26
['test:/0/@dispositifs.0/@protocoles.0/@facteurs.0/@modalites.27'],1_3,28,1,0.0,0.0,0.0,test:/0/@dispositifs.0/@protocoles.0/@traitements.27
['test:/0/@dispositifs.0/@protocoles.0/@facteurs.0/@modalites.28'],27_5,29,1,0.0,0.0,0.0,test:/0/@dispositifs.0/@protocoles.0/@traitements.28
['test:/0/@dispositifs.0/@protocoles.0/@facteurs.0/@modalites.29'],16_3,30,1,0.0,0.0,0.0,test:/0/@dispositifs.0/@protocoles.0/@traitements.29
['test:/0/@dispositifs.0/@protocoles.0/@facteurs.0/@modalites.30'],25_2,31,1,0.0,0.0,0.0,test:/0/@dispositifs.0/@protocoles.0/@traitements.30
['test:/0/@dispositifs.0/@protocoles.0/@facteurs.0/@modalites.31'],27_4,32,1,0.0,0.0,0.0,test:/0/@dispositifs.0/@protocoles.0/@traitements.31
['test:/0/@dispositifs.0/@protocoles.0/@facteurs.0/@modalites.32'],32_3,33,1,0.0,0.0,0.0,test:/0/@dispositifs.0/@protocoles.0/@traitements.32
['test:/0/@dispositifs.0/@protocoles.0/@facteurs.0/@modalites.33'],38_1,34,1,0.0,0.0,0.0,test:/0/@dispositifs.0/@protocoles.0/@traitements.33
['test:/0/@dispositifs.0/@protocoles.0/@facteurs.0/@modalites.34'],17_1,35,1,0.0,0.0,0.0,test:/0/@dispositifs.0/@protocoles.0/@traitements.34
['test:/0/@dispositifs.0/@protocoles.0/@facteurs.0/@modalites.35'],14_12,36,1,0.0,0.0,0.0,test:/0/@dispositifs.0/@protocoles.0/@traitements.35
['test:/0/@dispositifs.0/@protocoles.0/@facteurs.0/@modalites.36'],2_2,37,1,0.0,0.0,0.0,test:/0/@dispositifs.0/@protocoles.0/@traitements.36
['test:/0/@dispositifs.0/@protocoles.0/@facteurs.0/@modalites.37'],4_2,38,1,0.0,0.0,0.0,test:/0/@dispositifs.0/@protocoles.0/@traitements.37
['test:/0/@dispositifs.0/@protocoles.0/@facteurs.0/@modalites.38'],27_3,39,1,0.0,0.0,0.0,test:/0/@dispositifs.0/@protocoles.0/@traitements.38
['test:/0/@dispositifs.0/@protocoles.0/@facteurs.0/@modalites.39'],5_1,40,1,0.0,0.0,0.0,test:/0/@dispositifs.0/@protocoles.0/@traitements.39
['test:/0/@dispositifs.0/@protocoles.0/@facteurs.0/@modalites.40'],12_1,41,1,0.0,0.0,0.0,test:/0/@dispositifs.0/@protocoles.0/@traitements.40
['test:/0/@dispositifs.0/@protocoles.0/@facteurs.0/@modalites.41'],13_5,42,1,0.0,0.0,0.0,test:/0/@dispositifs.0/@protocoles.0/@traitements.41
['test:/0/@dispositifs.0/@protocoles.0/@facteurs.0/@modalites.42'],13_63,43,1,0.0,0.0,0.0,test:/0/@dispositifs.0/@protocoles.0/@traitements.42
['test:/0/@dispositifs.0/@protocoles.0/@facteurs.0/@modalites.43'],25_1,44,1,0.0,0.0,0.0,test:/0/@dispositifs.0/@protocoles.0/@traitements.43
['test:/0/@dispositifs.0/@protocoles.0/@facteurs.0/@modalites.44'],27_6,45,1,0.0,0.0,0.0,test:/0/@dispositifs.0/@protocoles.0/@traitements.44
['test:/0/@dispositifs.0/@protocoles.0/@facteurs.0/@modalites.45'],14_13,46,1,0.0,0.0,0.0,test:/0/@dispositifs.0/@protocoles.0/@traitements.45
['test:/0/@dispositifs.0/@protocoles.0/@facteurs.0/@modalites.46'],11_1,47,1,0.0,0.0,0.0,test:/0/@dispositifs.0/@protocoles.0/@traitements.46
['test:/0/@dispositifs.0/@protocoles.0/@facteurs.0/@modalites.47'],16_4,48,1,0.0,0.0,0.0,test:/0/@dispositifs.0/@protocoles.0/@traitements.47
['test:/0/@dispositifs.0/@protocoles.0/@facteurs.0/@modalites.48'],38_3,49,1,0.0,0.0,0.0,test:/0/@dispositifs.0/@protocoles.0/@traitements.48
['test:/0/@dispositifs.0/@protocoles.0/@facteurs.0/@modalites.49'],13_7,50,1,0.0,0.0,0.0,test:/0/@dispositifs.0/@protocoles.0/@traitements.49
['test:/0/@dispositifs.0/@protocoles.0/@facteurs.0/@modalites.50'],14_14,51,1,0.0,0.0,0.0,test:/0/@dispositifs.0/@protocoles.0/@traitements.50
['test:/0/@dispositifs.0/@protocoles.0/@facteurs.0/@modalites.51'],16_5,52,1,0.0,0.0,0.0,test:/0/@dispositifs.0/@protocoles.0/@traitements.51
['test:/0/@dispositifs.0/@protocoles.0/@facteurs.0/@modalites.52'],27_7,53,1,0.0,0.0,0.0,test:/0/@dispositifs.0/@protocoles.0/@traitements.52
['test:/0/@dispositifs.0/@protocoles.0/@facteurs.0/@modalites.53'],11_2,54,1,0.0,0.0,0.0,test:/0/@dispositifs.0/@protocoles.0/@traitements.53
['test:/0/@dispositifs.0/@protocoles.0/@facteurs.0/@modalites.54'],14_15,55,1,0.0,0.0,0.0,test:/0/@dispositifs.0/@protocoles.0/@traitements.54
['test:/0/@dispositifs.0/@protocoles.0/@facteurs.0/@modalites.55'],16_7,56,1,0.0,0.0,0.0,test:/0/@dispositifs.0/@protocoles.0/@traitements.55
['test:/0/@dispositifs.0/@protocoles.0/@facteurs.0/@modalites.56'],1_4,57,1,0.0,0.0,0.0,test:/0/@dispositifs.0/@protocoles.0/@traitements.56
['test:/0/@dispositifs.0/@protocoles.0/@facteurs.0/@modalites.57'],27_8,58,1,0.0,0.0,0.0,test:/0/@dispositifs.0/@protocoles.0/@traitements.57
['test:/0/@dispositifs.0/@protocoles.0/@facteurs.0/@modalites.58'],18_5,59,1,0.0,0.0,0.0,test:/0/@dispositifs.0/@protocoles.0/@traitements.58
['test:/0/@dispositifs.0/@protocoles.0/@facteurs.0/@modalites.59'],32_6,60,1,0.0,0.0,0.0,test:/0/@dispositifs.0/@protocoles.0/@traitements.59
['test:/0/@dispositifs.0/@protocoles.0/@facteurs.0/@modalites.60'],27_9,61,1,0.0,0.0,0.0,test:/0/@dispositifs.0/@protocoles.0/@traitements.60
['test:/0/@dispositifs.0/@protocoles.0/@facteurs.0/@modalites.61'],13_10,62,1,0.0,0.0,0.0,test:/0/@dispositifs.0/@protocoles.0/@traitements.61
['test:/0/@dispositifs.0/@protocoles.0/@facteurs.0/@modalites.62'],14_16,63,1,0.0,0.0,0.0,test:/0/@dispositifs.0/@protocoles.0/@traitements.62
['test:/0/@dispositifs.0/@protocoles.0/@facteurs.0/@modalites.63'],26_3,64,1,0.0,0.0,0.0,test:/0/@dispositifs.0/@protocoles.0/@traitements.63
['test:/0/@dispositifs.0/@protocoles.0/@facteurs.0/@modalites.64'],4_24,65,1,0.0,0.0,0.0,test:/0/@dispositifs.0/@protocoles.0/@traitements.64
['test:/0/@dispositifs.0/@protocoles.0/@facteurs.0/@modalites.65'],18_47,66,1,0.0,0.0,0.0,test:/0/@dispositifs.0/@protocoles.0/@traitements.65
['test:/0/@dispositifs.0/@protocoles.0/@facteurs.0/@modalites.66'],18_9,67,1,0.0,0.0,0.0,test:/0/@dispositifs.0/@protocoles.0/@traitements.66
['test:/0/@dispositifs.0/@protocoles.0/@facteurs.0/@modalites.67'],11_3,68,1,0.0,0.0,0.0,test:/0/@dispositifs.0/@protocoles.0/@traitements.67
['test:/0/@dispositifs.0/@protocoles.0/@facteurs.0/@modalites.68'],16_10,69,1,0.0,0.0,0.0,test:/0/@dispositifs.0/@protocoles.0/@traitements.68
['test:/0/@dispositifs.0/@protocoles.0/@facteurs.0/@modalites.69'],14_18,70,1,0.0,0.0,0.0,test:/0/@dispositifs.0/@protocoles.0/@traitements.69
['test:/0/@dispositifs.0/@protocoles.0/@facteurs.0/@modalites.70'],26_6,71,1,0.0,0.0,0.0,test:/0/@dispositifs.0/@protocoles.0/@traitements.70
['test:/0/@dispositifs.0/@protocoles.0/@facteurs.0/@modalites.71'],16_9,72,1,0.0,0.0,0.0,test:/0/@dispositifs.0/@protocoles.0/@traitements.71
['test:/0/@dispositifs.0/@protocoles.0/@facteurs.0/@modalites.72'],13_13,73,1,0.0,0.0,0.0,test:/0/@dispositifs.0/@protocoles.0/@traitements.72
['test:/0/@dispositifs.0/@protocoles.0/@facteurs.0/@modalites.73'],31_1,74,1,0.0,0.0,0.0,test:/0/@dispositifs.0/@protocoles.0/@traitements.73
['test:/0/@dispositifs.0/@protocoles.0/@facteurs.0/@modalites.74'],13_12,75,1,0.0,0.0,0.0,test:/0/@dispositifs.0/@protocoles.0/@traitements.74
['test:/0/@dispositifs.0/@protocoles.0/@facteurs.0/@modalites.75'],26_5,76,1,0.0,0.0,0.0,test:/0/@dispositifs.0/@protocoles.0/@traitements.75
['test:/0/@dispositifs.0/@protocoles.0/@facteurs.0/@modalites.76'],27_10,77,1,0.0,0.0,0.0,test:/0/@dispositifs.0/@protocoles.0/@traitements.76
['test:/0/@dispositifs.0/@protocoles.0/@facteurs.0/@modalites.77'],26_4,78,1,0.0,0.0,0.0,test:/0/@dispositifs.0/@protocoles.0/@traitements.77
['test:/0/@dispositifs.0/@protocoles.0/@facteurs.0/@modalites.78'],1_5,79,1,0.0,0.0,0.0,test:/0/@dispositifs.0/@protocoles.0/@traitements.78
['test:/0/@dispositifs.0/@protocoles.0/@facteurs.0/@modalites.79'],25_4,80,1,0.0,0.0,0.0,test:/0/@dispositifs.0/@protocoles.0/@traitements.79
['test:/0/@dispositifs.0/@protocoles.0/@facteurs.0/@modalites.80'],38_4,81,1,0.0,0.0,0.0,test:/0/@dispositifs.0/@protocoles.0/@traitements.80
['test:/0/@dispositifs.0/@protocoles.0/@facteurs.0/@modalites.81'],18_8,82,1,0.0,0.0,0.0,test:/0/@dispositifs.0/@protocoles.0/@traitements.81
['test:/0/@dispositifs.0/@protocoles.0/@facteurs.0/@modalites.82'],13_11,83,1,0.0,0.0,0.0,test:/0/@dispositifs.0/@protocoles.0/@traitements.82
['test:/0/@dispositifs.0/@protocoles.0/@facteurs.0/@modalites.83'],27_12,84,1,0.0,0.0,0.0,test:/0/@dispositifs.0/@protocoles.0/@traitements.83
['test:/0/@dispositifs.0/@protocoles.0/@facteurs.0/@modalites.84'],32_8,85,1,0.0,0.0,0.0,test:/0/@dispositifs.0/@protocoles.0/@traitements.84
['test:/0/@dispositifs.0/@protocoles.0/@facteurs.0/@modalites.85'],26_7,86,1,0.0,0.0,0.0,test:/0/@dispositifs.0/@protocoles.0/@traitements.85
['test:/0/@dispositifs.0/@protocoles.0/@facteurs.0/@modalites.86'],30_5,87,1,0.0,0.0,0.0,test:/0/@dispositifs.0/@protocoles.0/@traitements.86
['test:/0/@dispositifs.0/@protocoles.0/@facteurs.0/@modalites.87'],2_5,88,1,0.0,0.0,0.0,test:/0/@dispositifs.0/@protocoles.0/@traitements.87
['test:/0/@dispositifs.0/@protocoles.0/@facteurs.0/@modalites.88'],11_4,89,1,0.0,0.0,0.0,test:/0/@dispositifs.0/@protocoles.0/@traitements.88
['test:/0/@dispositifs.0/@protocoles.0/@facteurs.0/@modalites.89'],14_19,90,1,0.0,0.0,0.0,test:/0/@dispositifs.0/@protocoles.0/@traitements.89
['test:/0/@dispositifs.0/@protocoles.0/@facteurs.0/@modalites.90'],18_10,91,1,0.0,0.0,0.0,test:/0/@dispositifs.0/@protocoles.0/@traitements.90
['test:/0/@dispositifs.0/@protocoles.0/@facteurs.0/@modalites.91'],25_5,92,1,0.0,0.0,0.0,test:/0/@dispositifs.0/@protocoles.0/@traitements.91
['test:/0/@dispositifs.0/@protocoles.0/@facteurs.0/@modalites.92'],27_13,93,1,0.0,0.0,0.0,test:/0/@dispositifs.0/@protocoles.0/@traitements.92
['test:/0/@dispositifs.0/@protocoles.0/@facteurs.0/@modalites.93'],41_1,94,1,0.0,0.0,0.0,test:/0/@dispositifs.0/@protocoles.0/@traitements.93
['test:/0/@dispositifs.0/@protocoles.0/@facteurs.0/@modalites.94'],13_15,95,1,0.0,0.0,0.0,test:/0/@dispositifs.0/@protocoles.0/@traitements.94
['test:/0/@dispositifs.0/@protocoles.0/@facteurs.0/@modalites.95'],14_23,96,1,0.0,0.0,0.0,test:/0/@dispositifs.0/@protocoles.0/@traitements.95
['test:/0/@dispositifs.0/@protocoles.0/@facteurs.0/@modalites.96'],10_1,97,1,0.0,0.0,0.0,test:/0/@dispositifs.0/@protocoles.0/@traitements.96
['test:/0/@dispositifs.0/@protocoles.0/@facteurs.0/@modalites.97'],13_16,98,1,0.0,0.0,0.0,test:/0/@dispositifs.0/@protocoles.0/@traitements.97
['test:/0/@dispositifs.0/@protocoles.0/@facteurs.0/@modalites.98'],16_11,99,1,0.0,0.0,0.0,test:/0/@dispositifs.0/@protocoles.0/@traitements.98
['test:/0/@dispositifs.0/@protocoles.0/@facteurs.0/@modalites.99'],25_6,100,1,0.0,0.0,0.0,test:/0/@dispositifs.0/@protocoles.0/@traitements.99
['test:/0/@dispositifs.0/@protocoles.0/@facteurs.0/@modalites.100'],14_25,101,1,0.0,0.0,0.0,test:/0/@dispositifs.0/@protocoles.0/@traitements.100
['test:/0/@dispositifs.0/@protocoles.0/@facteurs.0/@modalites.101'],26_8,102,1,0.0,0.0,0.0,test:/0/@dispositifs.0/@protocoles.0/@traitements.101
['test:/0/@dispositifs.0/@protocoles.0/@facteurs.0/@modalites.102'],13_17,103,1,0.0,0.0,0.0,test:/0/@dispositifs.0/@protocoles.0/@traitements.102
['test:/0/@dispositifs.0/@protocoles.0/@facteurs.0/@modalites.103'],5_4,104,1,0.0,0.0,0.0,test:/0/@dispositifs.0/@protocoles.0/@traitements.103
['test:/0/@dispositifs.0/@protocoles.0/@facteurs.0/@modalites.104'],11_20,105,1,0.0,0.0,0.0,test:/0/@dispositifs.0/@protocoles.0/@traitements.104
['test:/0/@dispositifs.0/@protocoles.0/@facteurs.0/@modalites.105'],17_18,106,1,0.0,0.0,0.0,test:/0/@dispositifs.0/@protocoles.0/@traitements.105
['test:/0/@dispositifs.0/@protocoles.0/@facteurs.0/@modalites.106'],13_19,107,1,0.0,0.0,0.0,test:/0/@dispositifs.0/@protocoles.0/@traitements.106
['test:/0/@dispositifs.0/@protocoles.0/@facteurs.0/@modalites.107'],5_5,108,1,0.0,0.0,0.0,test:/0/@dispositifs.0/@protocoles.0/@traitements.107
['test:/0/@dispositifs.0/@protocoles.0/@facteurs.0/@modalites.108'],18_15,109,1,0.0,0.0,0.0,test:/0/@dispositifs.0/@protocoles.0/@traitements.108
['test:/0/@dispositifs.0/@protocoles.0/@facteurs.0/@modalites.109'],2_7,110,1,0.0,0.0,0.0,test:/0/@dispositifs.0/@protocoles.0/@traitements.109
['test:/0/@dispositifs.0/@protocoles.0/@facteurs.0/@modalites.110'],32_10,111,1,0.0,0.0,0.0,test:/0/@dispositifs.0/@protocoles.0/@traitements.110
['test:/0/@dispositifs.0/@protocoles.0/@facteurs.0/@modalites.111'],17_3,112,1,0.0,0.0,0.0,test:/0/@dispositifs.0/@protocoles.0/@traitements.111
['test:/0/@dispositifs.0/@protocoles.0/@facteurs.0/@modalites.112'],6_11,113,1,0.0,0.0,0.0,test:/0/@dispositifs.0/@protocoles.0/@traitements.112
['test:/0/@dispositifs.0/@protocoles.0/@facteurs.0/@modalites.113'],26_10,114,1,0.0,0.0,0.0,test:/0/@dispositifs.0/@protocoles.0/@traitements.113
['test:/0/@dispositifs.0/@protocoles.0/@facteurs.0/@modalites.114'],29_5,115,1,0.0,0.0,0.0,test:/0/@dispositifs.0/@protocoles.0/@traitements.114
['test:/0/@dispositifs.0/@protocoles.0/@facteurs.0/@modalites.115'],18_14,116,1,0.0,0.0,0.0,test:/0/@dispositifs.0/@protocoles.0/@traitements.115
['test:/0/@dispositifs.0/@protocoles.0/@facteurs.0/@modalites.116'],32_9,117,1,0.0,0.0,0.0,test:/0/@dispositifs.0/@protocoles.0/@traitements.116
['test:/0/@dispositifs.0/@protocoles.0/@facteurs.0/@modalites.117'],29_4,118,1,0.0,0.0,0.0,test:/0/@dispositifs.0/@protocoles.0/@traitements.117
['test:/0/@dispositifs.0/@protocoles.0/@facteurs.0/@modalites.118'],26_9,119,1,0.0,0.0,0.0,test:/0/@dispositifs.0/@protocoles.0/@traitements.118
['test:/0/@dispositifs.0/@protocoles.0/@facteurs.0/@modalites.119'],36_3,120,1,0.0,0.0,0.0,test:/0/@dispositifs.0/@protocoles.0/@traitements.119
['test:/0/@dispositifs.0/@protocoles.0/@facteurs.0/@modalites.120'],13_18,121,1,0.0,0.0,0.0,test:/0/@dispositifs.0/@protocoles.0/@traitements.120
['test:/0/@dispositifs.0/@protocoles.0/@facteurs.0/@modalites.121'],11_5,122,1,0.0,0.0,0.0,test:/0/@dispositifs.0/@protocoles.0/@traitements.121
['test:/0/@dispositifs.0/@protocoles.0/@facteurs.0/@modalites.122'],29_41,123,1,0.0,0.0,0.0,test:/0/@dispositifs.0/@protocoles.0/@traitements.122
['test:/0/@dispositifs.0/@protocoles.0/@facteurs.0/@modalites.123'],41_3,124,1,0.0,0.0,0.0,test:/0/@dispositifs.0/@protocoles.0/@traitements.123
['test:/0/@dispositifs.0/@protocoles.0/@facteurs.0/@modalites.124'],16_12,125,1,0.0,0.0,0.0,test:/0/@dispositifs.0/@protocoles.0/@traitements.124
['test:/0/@dispositifs.0/@protocoles.0/@facteurs.0/@modalites.125'],14_26,126,1,0.0,0.0,0.0,test:/0/@dispositifs.0/@protocoles.0/@traitements.125
['test:/0/@dispositifs.0/@protocoles.0/@facteurs.0/@modalites.126'],30_7,127,1,0.0,0.0,0.0,test:/0/@dispositifs.0/@protocoles.0/@traitements.126
['test:/0/@dispositifs.0/@protocoles.0/@facteurs.0/@modalites.127'],13_20,128,1,0.0,0.0,0.0,test:/0/@dispositifs.0/@protocoles.0/@traitements.127
['test:/0/@dispositifs.0/@protocoles.0/@facteurs.0/@modalites.128'],16_13,129,1,0.0,0.0,0.0,test:/0/@dispositifs.0/@protocoles.0/@traitements.128
['test:/0/@dispositifs.0/@protocoles.0/@facteurs.0/@modalites.129'],2_8,130,1,0.0,0.0,0.0,test:/0/@dispositifs.0/@protocoles.0/@traitements.129
['test:/0/@dispositifs.0/@protocoles.0/@facteurs.0/@modalites.130'],36_4,131,1,0.0,0.0,0.0,test:/0/@dispositifs.0/@protocoles.0/@traitements.130
['test:/0/@dispositifs.0/@protocoles.0/@facteurs.0/@modalites.131'],5_6,132,1,0.0,0.0,0.0,test:/0/@dispositifs.0/@protocoles.0/@traitements.131
['test:/0/@dispositifs.0/@protocoles.0/@facteurs.0/@modalites.132'],17_4,133,1,0.0,0.0,0.0,test:/0/@dispositifs.0/@protocoles.0/@traitements.132
['test:/0/@dispositifs.0/@protocoles.0/@facteurs.0/@modalites.133'],18_16,134,1,0.0,0.0,0.0,test:/0/@dispositifs.0/@protocoles.0/@traitements.133
['test:/0/@dispositifs.0/@protocoles.0/@facteurs.0/@modalites.134'],13_21,135,1,0.0,0.0,0.0,test:/0/@dispositifs.0/@protocoles.0/@traitements.134
['test:/0/@dispositifs.0/@protocoles.0/@facteurs.0/@modalites.135'],26_11,136,1,0.0,0.0,0.0,test:/0/@dispositifs.0/@protocoles.0/@traitements.135
['test:/0/@dispositifs.0/@protocoles.0/@facteurs.0/@modalites.136'],27_15,137,1,0.0,0.0,0.0,test:/0/@dispositifs.0/@protocoles.0/@traitements.136
['test:/0/@dispositifs.0/@protocoles.0/@facteurs.0/@modalites.137'],16_15,138,1,0.0,0.0,0.0,test:/0/@dispositifs.0/@protocoles.0/@traitements.137
['test:/0/@dispositifs.0/@protocoles.0/@facteurs.0/@modalites.138'],32_11,139,1,0.0,0.0,0.0,test:/0/@dispositifs.0/@protocoles.0/@traitements.138
['test:/0/@dispositifs.0/@protocoles.0/@facteurs.0/@modalites.139'],1_7,140,1,0.0,0.0,0.0,test:/0/@dispositifs.0/@protocoles.0/@traitements.139
['test:/0/@dispositifs.0/@protocoles.0/@facteurs.0/@modalites.140'],18_17,141,1,0.0,0.0,0.0,test:/0/@dispositifs.0/@protocoles.0/@traitements.140
['test:/0/@dispositifs.0/@protocoles.0/@facteurs.0/@modalites.141'],6_12,142,1,0.0,0.0,0.0,test:/0/@dispositifs.0/@protocoles.0/@traitements.141
['test:/0/@dispositifs.0/@protocoles.0/@facteurs.0/@modalites.142'],13_24,143,1,0.0,0.0,0.0,test:/0/@dispositifs.0/@protocoles.0/@traitements.142
['test:/0/@dispositifs.0/@protocoles.0/@facteurs.0/@modalites.143'],2_9,144,1,0.0,0.0,0.0,test:/0/@dispositifs.0/@protocoles.0/@traitements.143
['test:/0/@dispositifs.0/@protocoles.0/@facteurs.0/@modalites.144'],14_29,145,1,0.0,0.0,0.0,test:/0/@dispositifs.0/@protocoles.0/@traitements.144
['test:/0/@dispositifs.0/@protocoles.0/@facteurs.0/@modalites.145'],4_25,146,1,0.0,0.0,0.0,test:/0/@dispositifs.0/@protocoles.0/@traitements.145
['test:/0/@dispositifs.0/@protocoles.0/@facteurs.0/@modalites.146'],11_21,147,1,0.0,0.0,0.0,test:/0/@dispositifs.0/@protocoles.0/@traitements.146
['test:/0/@dispositifs.0/@protocoles.0/@facteurs.0/@modalites.147'],27_19,148,1,0.0,0.0,0.0,test:/0/@dispositifs.0/@protocoles.0/@traitements.147
['test:/0/@dispositifs.0/@protocoles.0/@facteurs.0/@modalites.148'],5_10,149,1,0.0,0.0,0.0,test:/0/@dispositifs.0/@protocoles.0/@traitements.148
['test:/0/@dispositifs.0/@protocoles.0/@facteurs.0/@modalites.149'],25_8,150,1,0.0,0.0,0.0,test:/0/@dispositifs.0/@protocoles.0/@traitements.149
['test:/0/@dispositifs.0/@protocoles.0/@facteurs.0/@modalites.150'],32_16,151,1,0.0,0.0,0.0,test:/0/@dispositifs.0/@protocoles.0/@traitements.150
['test:/0/@dispositifs.0/@protocoles.0/@facteurs.0/@modalites.151'],1_8,152,1,0.0,0.0,0.0,test:/0/@dispositifs.0/@protocoles.0/@traitements.151
['test:/0/@dispositifs.0/@protocoles.0/@facteurs.0/@modalites.152'],27_18,153,1,0.0,0.0,0.0,test:/0/@dispositifs.0/@protocoles.0/@traitements.152
['test:/0/@dispositifs.0/@protocoles.0/@facteurs.0/@modalites.153'],27_17,154,1,0.0,0.0,0.0,test:/0/@dispositifs.0/@protocoles.0/@traitements.153
['test:/0/@dispositifs.0/@protocoles.0/@facteurs.0/@modalites.154'],26_12,155,1,0.0,0.0,0.0,test:/0/@dispositifs.0/@protocoles.0/@traitements.154
['test:/0/@dispositifs.0/@protocoles.0/@facteurs.0/@modalites.155'],14_32,156,1,0.0,0.0,0.0,test:/0/@dispositifs.0/@protocoles.0/@traitements.155
['test:/0/@dispositifs.0/@protocoles.0/@facteurs.0/@modalites.156'],6_14,157,1,0.0,0.0,0.0,test:/0/@dispositifs.0/@protocoles.0/@traitements.156
['test:/0/@dispositifs.0/@protocoles.0/@facteurs.0/@modalites.157'],13_25,158,1,0.0,0.0,0.0,test:/0/@dispositifs.0/@protocoles.0/@traitements.157
['test:/0/@dispositifs.0/@protocoles.0/@facteurs.0/@modalites.158'],14_31,159,1,0.0,0.0,0.0,test:/0/@dispositifs.0/@protocoles.0/@traitements.158
['test:/0/@dispositifs.0/@protocoles.0/@facteurs.0/@modalites.159'],18_20,160,1,0.0,0.0,0.0,test:/0/@dispositifs.0/@protocoles.0/@traitements.159
['test:/0/@dispositifs.0/@protocoles.0/@facteurs.0/@modalites.160'],32_15,161,1,0.0,0.0,0.0,test:/0/@dispositifs.0/@protocoles.0/@traitements.160
['test:/0/@dispositifs.0/@protocoles.0/@facteurs.0/@modalites.161'],29_7,162,1,0.0,0.0,0.0,test:/0/@dispositifs.0/@protocoles.0/@traitements.161
['test:/0/@dispositifs.0/@protocoles.0/@facteurs.0/@modalites.162'],27_16,163,1,0.0,0.0,0.0,test:/0/@dispositifs.0/@protocoles.0/@traitements.162
['test:/0/@dispositifs.0/@protocoles.0/@facteurs.0/@modalites.163'],32_14,164,1,0.0,0.0,0.0,test:/0/@dispositifs.0/@protocoles.0/@traitements.163
['test:/0/@dispositifs.0/@protocoles.0/@facteurs.0/@modalites.164'],2_10,165,1,0.0,0.0,0.0,test:/0/@dispositifs.0/@protocoles.0/@traitements.164
['test:/0/@dispositifs.0/@protocoles.0/@facteurs.0/@modalites.165'],14_30,166,1,0.0,0.0,0.0,test:/0/@dispositifs.0/@protocoles.0/@traitements.165
['test:/0/@dispositifs.0/@protocoles.0/@facteurs.0/@modalites.166'],32_12,167,1,0.0,0.0,0.0,test:/0/@dispositifs.0/@protocoles.0/@traitements.166
['test:/0/@dispositifs.0/@protocoles.0/@facteurs.0/@modalites.167'],25_7,168,1,0.0,0.0,0.0,test:/0/@dispositifs.0/@protocoles.0/@traitements.167
['test:/0/@dispositifs.0/@protocoles.0/@facteurs.0/@modalites.168'],4_6,169,1,0.0,0.0,0.0,test:/0/@dispositifs.0/@protocoles.0/@traitements.168
['test:/0/@dispositifs.0/@protocoles.0/@facteurs.0/@modalites.169'],11_7,170,1,0.0,0.0,0.0,test:/0/@dispositifs.0/@protocoles.0/@traitements.169
['test:/0/@dispositifs.0/@protocoles.0/@facteurs.0/@modalites.170'],18_19,171,1,0.0,0.0,0.0,test:/0/@dispositifs.0/@protocoles.0/@traitements.170
['test:/0/@dispositifs.0/@protocoles.0/@facteurs.0/@modalites.171'],33_2,172,1,0.0,0.0,0.0,test:/0/@dispositifs.0/@protocoles.0/@traitements.171
['test:/0/@dispositifs.0/@protocoles.0/@facteurs.0/@modalites.172'],36_7,173,1,0.0,0.0,0.0,test:/0/@dispositifs.0/@protocoles.0/@traitements.172
['test:/0/@dispositifs.0/@protocoles.0/@facteurs.0/@modalites.173'],2_11,174,1,0.0,0.0,0.0,test:/0/@dispositifs.0/@protocoles.0/@traitements.173
['test:/0/@dispositifs.0/@protocoles.0/@facteurs.0/@modalites.174'],16_16,175,1,0.0,0.0,0.0,test:/0/@dispositifs.0/@protocoles.0/@traitements.174
['test:/0/@dispositifs.0/@protocoles.0/@facteurs.0/@modalites.175'],6_16,176,1,0.0,0.0,0.0,test:/0/@dispositifs.0/@protocoles.0/@traitements.175
['test:/0/@dispositifs.0/@protocoles.0/@facteurs.0/@modalites.176'],2_12,177,1,0.0,0.0,0.0,test:/0/@dispositifs.0/@protocoles.0/@traitements.176
['test:/0/@dispositifs.0/@protocoles.0/@facteurs.0/@modalites.177'],5_12,178,1,0.0,0.0,0.0,test:/0/@dispositifs.0/@protocoles.0/@traitements.177
['test:/0/@dispositifs.0/@protocoles.0/@facteurs.0/@modalites.178'],14_33,179,1,0.0,0.0,0.0,test:/0/@dispositifs.0/@protocoles.0/@traitements.178
['test:/0/@dispositifs.0/@protocoles.0/@facteurs.0/@modalites.179'],35_5,180,1,0.0,0.0,0.0,test:/0/@dispositifs.0/@protocoles.0/@traitements.179
['test:/0/@dispositifs.0/@protocoles.0/@facteurs.0/@modalites.180'],11_8,181,1,0.0,0.0,0.0,test:/0/@dispositifs.0/@protocoles.0/@traitements.180
['test:/0/@dispositifs.0/@protocoles.0/@facteurs.0/@modalites.181'],11_9,182,1,0.0,0.0,0.0,test:/0/@dispositifs.0/@protocoles.0/@traitements.181
['test:/0/@dispositifs.0/@protocoles.0/@facteurs.0/@modalites.182'],35_6,183,1,0.0,0.0,0.0,test:/0/@dispositifs.0/@protocoles.0/@traitements.182
['test:/0/@dispositifs.0/@protocoles.0/@facteurs.0/@modalites.183'],32_18,184,1,0.0,0.0,0.0,test:/0/@dispositifs.0/@protocoles.0/@traitements.183
['test:/0/@dispositifs.0/@protocoles.0/@facteurs.0/@modalites.184'],16_17,185,1,0.0,0.0,0.0,test:/0/@dispositifs.0/@protocoles.0/@traitements.184
['test:/0/@dispositifs.0/@protocoles.0/@facteurs.0/@modalites.185'],18_22,186,1,0.0,0.0,0.0,test:/0/@dispositifs.0/@protocoles.0/@traitements.185
['test:/0/@dispositifs.0/@protocoles.0/@facteurs.0/@modalites.186'],13_28,187,1,0.0,0.0,0.0,test:/0/@dispositifs.0/@protocoles.0/@traitements.186
['test:/0/@dispositifs.0/@protocoles.0/@facteurs.0/@modalites.187'],27_21,188,1,0.0,0.0,0.0,test:/0/@dispositifs.0/@protocoles.0/@traitements.187
['test:/0/@dispositifs.0/@protocoles.0/@facteurs.0/@modalites.188'],13_29,189,1,0.0,0.0,0.0,test:/0/@dispositifs.0/@protocoles.0/@traitements.188
['test:/0/@dispositifs.0/@protocoles.0/@facteurs.0/@modalites.189'],30_23,190,1,0.0,0.0,0.0,test:/0/@dispositifs.0/@protocoles.0/@traitements.189
['test:/0/@dispositifs.0/@protocoles.0/@facteurs.0/@modalites.190'],12_6,191,1,0.0,0.0,0.0,test:/0/@dispositifs.0/@protocoles.0/@traitements.190
['test:/0/@dispositifs.0/@protocoles.0/@facteurs.0/@modalites.191'],29_12,192,1,0.0,0.0,0.0,test:/0/@dispositifs.0/@protocoles.0/@traitements.191
['test:/0/@dispositifs.0/@protocoles.0/@facteurs.0/@modalites.192'],26_14,193,1,0.0,0.0,0.0,test:/0/@dispositifs.0/@protocoles.0/@traitements.192
['test:/0/@dispositifs.0/@protocoles.0/@facteurs.0/@modalites.193'],14_35,194,1,0.0,0.0,0.0,test:/0/@dispositifs.0/@protocoles.0/@traitements.193
['test:/0/@dispositifs.0/@protocoles.0/@facteurs.0/@modalites.194'],8_2,195,1,0.0,0.0,0.0,test:/0/@dispositifs.0/@protocoles.0/@traitements.194
['test:/0/@dispositifs.0/@protocoles.0/@facteurs.0/@modalites.195'],2_13,196,1,0.0,0.0,0.0,test:/0/@dispositifs.0/@protocoles.0/@traitements.195
['test:/0/@dispositifs.0/@protocoles.0/@facteurs.0/@modalites.196'],14_36,197,1,0.0,0.0,0.0,test:/0/@dispositifs.0/@protocoles.0/@traitements.196
['test:/0/@dispositifs.0/@protocoles.0/@facteurs.0/@modalites.197'],12_4,198,1,0.0,0.0,0.0,test:/0/@dispositifs.0/@protocoles.0/@traitements.197
['test:/0/@dispositifs.0/@protocoles.0/@facteurs.0/@modalites.198'],18_23,199,1,0.0,0.0,0.0,test:/0/@dispositifs.0/@protocoles.0/@traitements.198
['test:/0/@dispositifs.0/@protocoles.0/@facteurs.0/@modalites.199'],31_2,200,1,0.0,0.0,0.0,test:/0/@dispositifs.0/@protocoles.0/@traitements.199
['test:/0/@dispositifs.0/@protocoles.0/@facteurs.0/@modalites.200'],17_6,201,1,0.0,0.0,0.0,test:/0/@dispositifs.0/@protocoles.0/@traitements.200
['test:/0/@dispositifs.0/@protocoles.0/@facteurs.0/@modalites.201'],16_18,202,1,0.0,0.0,0.0,test:/0/@dispositifs.0/@protocoles.0/@traitements.201
['test:/0/@dispositifs.0/@protocoles.0/@facteurs.0/@modalites.202'],27_23,203,1,0.0,0.0,0.0,test:/0/@dispositifs.0/@protocoles.0/@traitements.202
['test:/0/@dispositifs.0/@protocoles.0/@facteurs.0/@modalites.203'],29_11,204,1,0.0,0.0,0.0,test:/0/@dispositifs.0/@protocoles.0/@traitements.203
['test:/0/@dispositifs.0/@protocoles.0/@facteurs.0/@modalites.204'],17_5,205,1,0.0,0.0,0.0,test:/0/@dispositifs.0/@protocoles.0/@traitements.204
['test:/0/@dispositifs.0/@protocoles.0/@facteurs.0/@modalites.205'],14_34,206,1,0.0,0.0,0.0,test:/0/@dispositifs.0/@protocoles.0/@traitements.205
['test:/0/@dispositifs.0/@protocoles.0/@facteurs.0/@modalites.206'],4_8,207,1,0.0,0.0,0.0,test:/0/@dispositifs.0/@protocoles.0/@traitements.206
['test:/0/@dispositifs.0/@protocoles.0/@facteurs.0/@modalites.207'],29_10,208,1,0.0,0.0,0.0,test:/0/@dispositifs.0/@protocoles.0/@traitements.207
['test:/0/@dispositifs.0/@protocoles.0/@facteurs.0/@modalites.208'],13_30,209,1,0.0,0.0,0.0,test:/0/@dispositifs.0/@protocoles.0/@traitements.208
['test:/0/@dispositifs.0/@protocoles.0/@facteurs.0/@modalites.209'],26_13,210,1,0.0,0.0,0.0,test:/0/@dispositifs.0/@protocoles.0/@traitements.209
['test:/0/@dispositifs.0/@protocoles.0/@facteurs.0/@modalites.210'],27_22,211,1,0.0,0.0,0.0,test:/0/@dispositifs.0/@protocoles.0/@traitements.210
['test:/0/@dispositifs.0/@protocoles.0/@facteurs.0/@modalites.211'],30_10,212,1,0.0,0.0,0.0,test:/0/@dispositifs.0/@protocoles.0/@traitements.211
['test:/0/@dispositifs.0/@protocoles.0/@facteurs.0/@modalites.212'],5_14,213,1,0.0,0.0,0.0,test:/0/@dispositifs.0/@protocoles.0/@traitements.212
['test:/0/@dispositifs.0/@protocoles.0/@facteurs.0/@modalites.213'],17_7,214,1,0.0,0.0,0.0,test:/0/@dispositifs.0/@protocoles.0/@traitements.213
['test:/0/@dispositifs.0/@protocoles.0/@facteurs.0/@modalites.214'],14_37,215,1,0.0,0.0,0.0,test:/0/@dispositifs.0/@protocoles.0/@traitements.214
['test:/0/@dispositifs.0/@protocoles.0/@facteurs.0/@modalites.215'],5_16,216,1,0.0,0.0,0.0,test:/0/@dispositifs.0/@protocoles.0/@traitements.215
['test:/0/@dispositifs.0/@protocoles.0/@facteurs.0/@modalites.216'],30_14,217,1,0.0,0.0,0.0,test:/0/@dispositifs.0/@protocoles.0/@traitements.216
['test:/0/@dispositifs.0/@protocoles.0/@facteurs.0/@modalites.217'],4_10,218,1,0.0,0.0,0.0,test:/0/@dispositifs.0/@protocoles.0/@traitements.217
['test:/0/@dispositifs.0/@protocoles.0/@facteurs.0/@modalites.218'],29_13,219,1,0.0,0.0,0.0,test:/0/@dispositifs.0/@protocoles.0/@traitements.218
['test:/0/@dispositifs.0/@protocoles.0/@facteurs.0/@modalites.219'],30_15,220,1,0.0,0.0,0.0,test:/0/@dispositifs.0/@protocoles.0/@traitements.219
['test:/0/@dispositifs.0/@protocoles.0/@facteurs.0/@modalites.220'],18_24,221,1,0.0,0.0,0.0,test:/0/@dispositifs.0/@protocoles.0/@traitements.220
['test:/0/@dispositifs.0/@protocoles.0/@facteurs.0/@modalites.221'],29_14,222,1,0.0,0.0,0.0,test:/0/@dispositifs.0/@protocoles.0/@traitements.221
['test:/0/@dispositifs.0/@protocoles.0/@facteurs.0/@modalites.222'],27_24,223,1,0.0,0.0,0.0,test:/0/@dispositifs.0/@protocoles.0/@traitements.222
['test:/0/@dispositifs.0/@protocoles.0/@facteurs.0/@modalites.223'],7_2,224,1,0.0,0.0,0.0,test:/0/@dispositifs.0/@protocoles.0/@traitements.223
['test:/0/@dispositifs.0/@protocoles.0/@facteurs.0/@modalites.224'],4_11,225,1,0.0,0.0,0.0,test:/0/@dispositifs.0/@protocoles.0/@traitements.224
['test:/0/@dispositifs.0/@protocoles.0/@facteurs.0/@modalites.225'],14_39,226,1,0.0,0.0,0.0,test:/0/@dispositifs.0/@protocoles.0/@traitements.225
['test:/0/@dispositifs.0/@protocoles.0/@facteurs.0/@modalites.226'],16_19,227,1,0.0,0.0,0.0,test:/0/@dispositifs.0/@protocoles.0/@traitements.226
['test:/0/@dispositifs.0/@protocoles.0/@facteurs.0/@modalites.227'],13_33,228,1,0.0,0.0,0.0,test:/0/@dispositifs.0/@protocoles.0/@traitements.227
['test:/0/@dispositifs.0/@protocoles.0/@facteurs.0/@modalites.228'],29_15,229,1,0.0,0.0,0.0,test:/0/@dispositifs.0/@protocoles.0/@traitements.228
['test:/0/@dispositifs.0/@protocoles.0/@facteurs.0/@modalites.229'],26_15,230,1,0.0,0.0,0.0,test:/0/@dispositifs.0/@protocoles.0/@traitements.229
['test:/0/@dispositifs.0/@protocoles.0/@facteurs.0/@modalites.230'],18_26,231,1,0.0,0.0,0.0,test:/0/@dispositifs.0/@protocoles.0/@traitements.230
['test:/0/@dispositifs.0/@protocoles.0/@facteurs.0/@modalites.231'],32_19,232,1,0.0,0.0,0.0,test:/0/@dispositifs.0/@protocoles.0/@traitements.231
['test:/0/@dispositifs.0/@protocoles.0/@facteurs.0/@modalites.232'],16_20,233,1,0.0,0.0,0.0,test:/0/@dispositifs.0/@protocoles.0/@traitements.232
['test:/0/@dispositifs.0/@protocoles.0/@facteurs.0/@modalites.233'],4_26,234,1,0.0,0.0,0.0,test:/0/@dispositifs.0/@protocoles.0/@traitements.233
['test:/0/@dispositifs.0/@protocoles.0/@facteurs.0/@modalites.234'],16_23,235,1,0.0,0.0,0.0,test:/0/@dispositifs.0/@protocoles.0/@traitements.234
['test:/0/@dispositifs.0/@protocoles.0/@facteurs.0/@modalites.235'],4_13,236,1,0.0,0.0,0.0,test:/0/@dispositifs.0/@protocoles.0/@traitements.235
['test:/0/@dispositifs.0/@protocoles.0/@facteurs.0/@modalites.236'],13_34,237,1,0.0,0.0,0.0,test:/0/@dispositifs.0/@protocoles.0/@traitements.236
['test:/0/@dispositifs.0/@protocoles.0/@facteurs.0/@modalites.237'],27_26,238,1,0.0,0.0,0.0,test:/0/@dispositifs.0/@protocoles.0/@traitements.237
['test:/0/@dispositifs.0/@protocoles.0/@facteurs.0/@modalites.238'],14_43,239,1,0.0,0.0,0.0,test:/0/@dispositifs.0/@protocoles.0/@traitements.238
['test:/0/@dispositifs.0/@protocoles.0/@facteurs.0/@modalites.239'],11_10,240,1,0.0,0.0,0.0,test:/0/@dispositifs.0/@protocoles.0/@traitements.239
['test:/0/@dispositifs.0/@protocoles.0/@facteurs.0/@modalites.240'],25_11,241,1,0.0,0.0,0.0,test:/0/@dispositifs.0/@protocoles.0/@traitements.240
['test:/0/@dispositifs.0/@protocoles.0/@facteurs.0/@modalites.241'],32_23,242,1,0.0,0.0,0.0,test:/0/@dispositifs.0/@protocoles.0/@traitements.241
['test:/0/@dispositifs.0/@protocoles.0/@facteurs.0/@modalites.242'],18_27,243,1,0.0,0.0,0.0,test:/0/@dispositifs.0/@protocoles.0/@traitements.242
['test:/0/@dispositifs.0/@protocoles.0/@facteurs.0/@modalites.243'],8_4,244,1,0.0,0.0,0.0,test:/0/@dispositifs.0/@protocoles.0/@traitements.243
['test:/0/@dispositifs.0/@protocoles.0/@facteurs.0/@modalites.244'],16_22,245,1,0.0,0.0,0.0,test:/0/@dispositifs.0/@protocoles.0/@traitements.244
['test:/0/@dispositifs.0/@protocoles.0/@facteurs.0/@modalites.245'],14_42,246,1,0.0,0.0,0.0,test:/0/@dispositifs.0/@protocoles.0/@traitements.245
['test:/0/@dispositifs.0/@protocoles.0/@facteurs.0/@modalites.246'],31_3,247,1,0.0,0.0,0.0,test:/0/@dispositifs.0/@protocoles.0/@traitements.246
['test:/0/@dispositifs.0/@protocoles.0/@facteurs.0/@modalites.247'],8_3,248,1,0.0,0.0,0.0,test:/0/@dispositifs.0/@protocoles.0/@traitements.247
['test:/0/@dispositifs.0/@protocoles.0/@facteurs.0/@modalites.248'],14_41,249,1,0.0,0.0,0.0,test:/0/@dispositifs.0/@protocoles.0/@traitements.248
['test:/0/@dispositifs.0/@protocoles.0/@facteurs.0/@modalites.249'],17_8,250,1,0.0,0.0,0.0,test:/0/@dispositifs.0/@protocoles.0/@traitements.249
['test:/0/@dispositifs.0/@protocoles.0/@facteurs.0/@modalites.250'],32_21,251,1,0.0,0.0,0.0,test:/0/@dispositifs.0/@protocoles.0/@traitements.250
['test:/0/@dispositifs.0/@protocoles.0/@facteurs.0/@modalites.251'],6_20,252,1,0.0,0.0,0.0,test:/0/@dispositifs.0/@protocoles.0/@traitements.251
['test:/0/@dispositifs.0/@protocoles.0/@facteurs.0/@modalites.252'],25_9,253,1,0.0,0.0,0.0,test:/0/@dispositifs.0/@protocoles.0/@traitements.252
['test:/0/@dispositifs.0/@protocoles.0/@facteurs.0/@modalites.253'],16_21,254,1,0.0,0.0,0.0,test:/0/@dispositifs.0/@protocoles.0/@traitements.253
['test:/0/@dispositifs.0/@protocoles.0/@facteurs.0/@modalites.254'],2_14,255,1,0.0,0.0,0.0,test:/0/@dispositifs.0/@protocoles.0/@traitements.254
['test:/0/@dispositifs.0/@protocoles.0/@facteurs.0/@modalites.255'],18_28,256,1,0.0,0.0,0.0,test:/0/@dispositifs.0/@protocoles.0/@traitements.255
['test:/0/@dispositifs.0/@protocoles.0/@facteurs.0/@modalites.256'],5_17,257,1,0.0,0.0,0.0,test:/0/@dispositifs.0/@protocoles.0/@traitements.256
['test:/0/@dispositifs.0/@protocoles.0/@facteurs.0/@modalites.257'],16_24,258,1,0.0,0.0,0.0,test:/0/@dispositifs.0/@protocoles.0/@traitements.257
['test:/0/@dispositifs.0/@protocoles.0/@facteurs.0/@modalites.258'],29_17,259,1,0.0,0.0,0.0,test:/0/@dispositifs.0/@protocoles.0/@traitements.258
['test:/0/@dispositifs.0/@protocoles.0/@facteurs.0/@modalites.259'],8_5,260,1,0.0,0.0,0.0,test:/0/@dispositifs.0/@protocoles.0/@traitements.259
['test:/0/@dispositifs.0/@protocoles.0/@facteurs.0/@modalites.260'],38_5,261,1,0.0,0.0,0.0,test:/0/@dispositifs.0/@protocoles.0/@traitements.260
['test:/0/@dispositifs.0/@protocoles.0/@facteurs.0/@modalites.261'],26_16,262,1,0.0,0.0,0.0,test:/0/@dispositifs.0/@protocoles.0/@traitements.261
['test:/0/@dispositifs.0/@protocoles.0/@facteurs.0/@modalites.262'],31_13,263,1,0.0,0.0,0.0,test:/0/@dispositifs.0/@protocoles.0/@traitements.262
['test:/0/@dispositifs.0/@protocoles.0/@facteurs.0/@modalites.263'],13_36,264,1,0.0,0.0,0.0,test:/0/@dispositifs.0/@protocoles.0/@traitements.263
['test:/0/@dispositifs.0/@protocoles.0/@facteurs.0/@modalites.264'],26_17,265,1,0.0,0.0,0.0,test:/0/@dispositifs.0/@protocoles.0/@traitements.264
['test:/0/@dispositifs.0/@protocoles.0/@facteurs.0/@modalites.265'],11_11,266,1,0.0,0.0,0.0,test:/0/@dispositifs.0/@protocoles.0/@traitements.265
['test:/0/@dispositifs.0/@protocoles.0/@facteurs.0/@modalites.266'],30_16,267,1,0.0,0.0,0.0,test:/0/@dispositifs.0/@protocoles.0/@traitements.266
['test:/0/@dispositifs.0/@protocoles.0/@facteurs.0/@modalites.267'],32_24,268,1,0.0,0.0,0.0,test:/0/@dispositifs.0/@protocoles.0/@traitements.267
['test:/0/@dispositifs.0/@protocoles.0/@facteurs.0/@modalites.268'],13_37,269,1,0.0,0.0,0.0,test:/0/@dispositifs.0/@protocoles.0/@traitements.268
['test:/0/@dispositifs.0/@protocoles.0/@facteurs.0/@modalites.269'],18_30,270,1,0.0,0.0,0.0,test:/0/@dispositifs.0/@protocoles.0/@traitements.269
['test:/0/@dispositifs.0/@protocoles.0/@facteurs.0/@modalites.270'],6_33,271,2,0.0,0.0,0.0,test:/0/@dispositifs.0/@protocoles.0/@traitements.270
['test:/0/@dispositifs.0/@protocoles.0/@facteurs.0/@modalites.271'],14_47,272,1,0.0,0.0,0.0,test:/0/@dispositifs.0/@protocoles.0/@traitements.271
['test:/0/@dispositifs.0/@protocoles.0/@facteurs.0/@modalites.272'],30_17,273,1,0.0,0.0,0.0,test:/0/@dispositifs.0/@protocoles.0/@traitements.272
['test:/0/@dispositifs.0/@protocoles.0/@facteurs.0/@modalites.273'],26_28,274,2,0.0,0.0,0.0,test:/0/@dispositifs.0/@protocoles.0/@traitements.273
['test:/0/@dispositifs.0/@protocoles.0/@facteurs.0/@modalites.274'],17_19,275,1,0.0,0.0,0.0,test:/0/@dispositifs.0/@protocoles.0/@traitements.274
['test:/0/@dispositifs.0/@protocoles.0/@facteurs.0/@modalites.275'],30_24,276,1,0.0,0.0,0.0,test:/0/@dispositifs.0/@protocoles.0/@traitements.275
['test:/0/@dispositifs.0/@protocoles.0/@facteurs.0/@modalites.276'],13_40,277,1,0.0,0.0,0.0,test:/0/@dispositifs.0/@protocoles.0/@traitements.276
['test:/0/@dispositifs.0/@protocoles.0/@facteurs.0/@modalites.277'],32_27,278,1,0.0,0.0,0.0,test:/0/@dispositifs.0/@protocoles.0/@traitements.277
['test:/0/@dispositifs.0/@protocoles.0/@facteurs.0/@modalites.278'],18_32,279,1,0.0,0.0,0.0,test:/0/@dispositifs.0/@protocoles.0/@traitements.278
['test:/0/@dispositifs.0/@protocoles.0/@facteurs.0/@modalites.279'],4_14,280,1,0.0,0.0,0.0,test:/0/@dispositifs.0/@protocoles.0/@traitements.279
['test:/0/@dispositifs.0/@protocoles.0/@facteurs.0/@modalites.280'],13_39,281,1,0.0,0.0,0.0,test:/0/@dispositifs.0/@protocoles.0/@traitements.280
['test:/0/@dispositifs.0/@protocoles.0/@facteurs.0/@modalites.281'],36_10,282,1,0.0,0.0,0.0,test:/0/@dispositifs.0/@protocoles.0/@traitements.281
['test:/0/@dispositifs.0/@protocoles.0/@facteurs.0/@modalites.282'],26_19,283,1,0.0,0.0,0.0,test:/0/@dispositifs.0/@protocoles.0/@traitements.282
['test:/0/@dispositifs.0/@protocoles.0/@facteurs.0/@modalites.283'],35_7,284,1,0.0,0.0,0.0,test:/0/@dispositifs.0/@protocoles.0/@traitements.283
['test:/0/@dispositifs.0/@protocoles.0/@facteurs.0/@modalites.284'],14_48,285,1,0.0,0.0,0.0,test:/0/@dispositifs.0/@protocoles.0/@traitements.284
['test:/0/@dispositifs.0/@protocoles.0/@facteurs.0/@modalites.285'],14_49,286,1,0.0,0.0,0.0,test:/0/@dispositifs.0/@protocoles.0/@traitements.285
['test:/0/@dispositifs.0/@protocoles.0/@facteurs.0/@modalites.286'],13_41,287,1,0.0,0.0,0.0,test:/0/@dispositifs.0/@protocoles.0/@traitements.286
['test:/0/@dispositifs.0/@protocoles.0/@facteurs.0/@modalites.287'],29_18,288,1,0.0,0.0,0.0,test:/0/@dispositifs.0/@protocoles.0/@traitements.287
['test:/0/@dispositifs.0/@protocoles.0/@facteurs.0/@modalites.288'],32_28,289,1,0.0,0.0,0.0,test:/0/@dispositifs.0/@protocoles.0/@traitements.288
['test:/0/@dispositifs.0/@protocoles.0/@facteurs.0/@modalites.289'],13_42,290,1,0.0,0.0,0.0,test:/0/@dispositifs.0/@protocoles.0/@traitements.289
['test:/0/@dispositifs.0/@protocoles.0/@facteurs.0/@modalites.290'],32_29,291,1,0.0,0.0,0.0,test:/0/@dispositifs.0/@protocoles.0/@traitements.290
['test:/0/@dispositifs.0/@protocoles.0/@facteurs.0/@modalites.291'],13_43,292,1,0.0,0.0,0.0,test:/0/@dispositifs.0/@protocoles.0/@traitements.291
['test:/0/@dispositifs.0/@protocoles.0/@facteurs.0/@modalites.292'],32_30,293,1,0.0,0.0,0.0,test:/0/@dispositifs.0/@protocoles.0/@traitements.292
['test:/0/@dispositifs.0/@protocoles.0/@facteurs.0/@modalites.293'],36_14,294,1,0.0,0.0,0.0,test:/0/@dispositifs.0/@protocoles.0/@traitements.293
['test:/0/@dispositifs.0/@protocoles.0/@facteurs.0/@modalites.294'],29_20,295,1,0.0,0.0,0.0,test:/0/@dispositifs.0/@protocoles.0/@traitements.294
['test:/0/@dispositifs.0/@protocoles.0/@facteurs.0/@modalites.295'],18_37,296,1,0.0,0.0,0.0,test:/0/@dispositifs.0/@protocoles.0/@traitements.295
['test:/0/@dispositifs.0/@protocoles.0/@facteurs.0/@modalites.296'],14_54,297,1,0.0,0.0,0.0,test:/0/@dispositifs.0/@protocoles.0/@traitements.296
['test:/0/@dispositifs.0/@protocoles.0/@facteurs.0/@modalites.297'],8_6,298,1,0.0,0.0,0.0,test:/0/@dispositifs.0/@protocoles.0/@traitements.297
['test:/0/@dispositifs.0/@protocoles.0/@facteurs.0/@modalites.298'],31_8,299,1,0.0,0.0,0.0,test:/0/@dispositifs.0/@protocoles.0/@traitements.298
['test:/0/@dispositifs.0/@protocoles.0/@facteurs.0/@modalites.299'],1_15,300,1,0.0,0.0,0.0,test:/0/@dispositifs.0/@protocoles.0/@traitements.299
['test:/0/@dispositifs.0/@protocoles.0/@facteurs.0/@modalites.300'],35_14,301,1,0.0,0.0,0.0,test:/0/@dispositifs.0/@protocoles.0/@traitements.300
['test:/0/@dispositifs.0/@protocoles.0/@facteurs.0/@modalites.301'],14_53,302,1,0.0,0.0,0.0,test:/0/@dispositifs.0/@protocoles.0/@traitements.301
['test:/0/@dispositifs.0/@protocoles.0/@facteurs.0/@modalites.302'],25_13,303,1,0.0,0.0,0.0,test:/0/@dispositifs.0/@protocoles.0/@traitements.302
['test:/0/@dispositifs.0/@protocoles.0/@facteurs.0/@modalites.303'],5_21,304,1,0.0,0.0,0.0,test:/0/@dispositifs.0/@protocoles.0/@traitements.303
['test:/0/@dispositifs.0/@protocoles.0/@facteurs.0/@modalites.304'],31_6,305,1,0.0,0.0,0.0,test:/0/@dispositifs.0/@protocoles.0/@traitements.304
['test:/0/@dispositifs.0/@protocoles.0/@facteurs.0/@modalites.305'],5_20,306,1,0.0,0.0,0.0,test:/0/@dispositifs.0/@protocoles.0/@traitements.305
['test:/0/@dispositifs.0/@protocoles.0/@facteurs.0/@modalites.306'],4_18,307,1,0.0,0.0,0.0,test:/0/@dispositifs.0/@protocoles.0/@traitements.306
['test:/0/@dispositifs.0/@protocoles.0/@facteurs.0/@modalites.307'],14_52,308,1,0.0,0.0,0.0,test:/0/@dispositifs.0/@protocoles.0/@traitements.307
['test:/0/@dispositifs.0/@protocoles.0/@facteurs.0/@modalites.308'],6_25,309,1,0.0,0.0,0.0,test:/0/@dispositifs.0/@protocoles.0/@traitements.308
['test:/0/@dispositifs.0/@protocoles.0/@facteurs.0/@modalites.309'],32_31,310,1,0.0,0.0,0.0,test:/0/@dispositifs.0/@protocoles.0/@traitements.309
['test:/0/@dispositifs.0/@protocoles.0/@facteurs.0/@modalites.310'],6_26,311,1,0.0,0.0,0.0,test:/0/@dispositifs.0/@protocoles.0/@traitements.310
['test:/0/@dispositifs.0/@protocoles.0/@facteurs.0/@modalites.311'],17_12,312,1,0.0,0.0,0.0,test:/0/@dispositifs.0/@protocoles.0/@traitements.311
['test:/0/@dispositifs.0/@protocoles.0/@facteurs.0/@modalites.312'],16_33,313,1,0.0,0.0,0.0,test:/0/@dispositifs.0/@protocoles.0/@traitements.312
['test:/0/@dispositifs.0/@protocoles.0/@facteurs.0/@modalites.313'],2_15,314,1,0.0,0.0,0.0,test:/0/@dispositifs.0/@protocoles.0/@traitements.313
['test:/0/@dispositifs.0/@protocoles.0/@facteurs.0/@modalites.314'],18_38,315,1,0.0,0.0,0.0,test:/0/@dispositifs.0/@protocoles.0/@traitements.314
['test:/0/@dispositifs.0/@protocoles.0/@facteurs.0/@modalites.315'],36_12,316,1,0.0,0.0,0.0,test:/0/@dispositifs.0/@protocoles.0/@traitements.315
['test:/0/@dispositifs.0/@protocoles.0/@facteurs.0/@modalites.316'],29_22,317,1,0.0,0.0,0.0,test:/0/@dispositifs.0/@protocoles.0/@traitements.316
['test:/0/@dispositifs.0/@protocoles.0/@facteurs.0/@modalites.317'],14_55,318,1,0.0,0.0,0.0,test:/0/@dispositifs.0/@protocoles.0/@traitements.317
['test:/0/@dispositifs.0/@protocoles.0/@facteurs.0/@modalites.318'],11_15,319,1,0.0,0.0,0.0,test:/0/@dispositifs.0/@protocoles.0/@traitements.318
['test:/0/@dispositifs.0/@protocoles.0/@facteurs.0/@modalites.319'],17_13,320,1,0.0,0.0,0.0,test:/0/@dispositifs.0/@protocoles.0/@traitements.319
['test:/0/@dispositifs.0/@protocoles.0/@facteurs.0/@modalites.320'],4_20,321,1,0.0,0.0,0.0,test:/0/@dispositifs.0/@protocoles.0/@traitements.320
['test:/0/@dispositifs.0/@protocoles.0/@facteurs.0/@modalites.321'],36_13,322,1,0.0,0.0,0.0,test:/0/@dispositifs.0/@protocoles.0/@traitements.321
['test:/0/@dispositifs.0/@protocoles.0/@facteurs.0/@modalites.322'],14_56,323,1,0.0,0.0,0.0,test:/0/@dispositifs.0/@protocoles.0/@traitements.322
['test:/0/@dispositifs.0/@protocoles.0/@facteurs.0/@modalites.323'],16_34,324,1,0.0,0.0,0.0,test:/0/@dispositifs.0/@protocoles.0/@traitements.323
['test:/0/@dispositifs.0/@protocoles.0/@facteurs.0/@modalites.324'],14_57,325,1,0.0,0.0,0.0,test:/0/@dispositifs.0/@protocoles.0/@traitements.324
['test:/0/@dispositifs.0/@protocoles.0/@facteurs.0/@modalites.325'],6_35,326,1,0.0,0.0,0.0,test:/0/@dispositifs.0/@protocoles.0/@traitements.325
['test:/0/@dispositifs.0/@protocoles.0/@facteurs.0/@modalites.326'],25_17,327,1,0.0,0.0,0.0,test:/0/@dispositifs.0/@protocoles.0/@traitements.326
['test:/0/@dispositifs.0/@protocoles.0/@facteurs.0/@modalites.327'],18_41,328,1,0.0,0.0,0.0,test:/0/@dispositifs.0/@protocoles.0/@traitements.327
['test:/0/@dispositifs.0/@protocoles.0/@facteurs.0/@modalites.328'],2_16,329,1,0.0,0.0,0.0,test:/0/@dispositifs.0/@protocoles.0/@traitements.328
['test:/0/@dispositifs.0/@protocoles.0/@facteurs.0/@modalites.329'],5_22,330,1,0.0,0.0,0.0,test:/0/@dispositifs.0/@protocoles.0/@traitements.329
['test:/0/@dispositifs.0/@protocoles.0/@facteurs.0/@modalites.330'],13_49,331,1,0.0,0.0,0.0,test:/0/@dispositifs.0/@protocoles.0/@traitements.330
['test:/0/@dispositifs.0/@protocoles.0/@facteurs.0/@modalites.331'],26_26,332,1,0.0,0.0,0.0,test:/0/@dispositifs.0/@protocoles.0/@traitements.331
['test:/0/@dispositifs.0/@protocoles.0/@facteurs.0/@modalites.332'],35_15,333,1,0.0,0.0,0.0,test:/0/@dispositifs.0/@protocoles.0/@traitements.332
['test:/0/@dispositifs.0/@protocoles.0/@facteurs.0/@modalites.333'],26_25,334,1,0.0,0.0,0.0,test:/0/@dispositifs.0/@protocoles.0/@traitements.333
['test:/0/@dispositifs.0/@protocoles.0/@facteurs.0/@modalites.334'],25_14,335,1,0.0,0.0,0.0,test:/0/@dispositifs.0/@protocoles.0/@traitements.334
['test:/0/@dispositifs.0/@protocoles.0/@facteurs.0/@modalites.335'],13_48,336,1,0.0,0.0,0.0,test:/0/@dispositifs.0/@protocoles.0/@traitements.335
['test:/0/@dispositifs.0/@protocoles.0/@facteurs.0/@modalites.336'],13_47,337,1,0.0,0.0,0.0,test:/0/@dispositifs.0/@protocoles.0/@traitements.336
['test:/0/@dispositifs.0/@protocoles.0/@facteurs.0/@modalites.337'],1_18,338,1,0.0,0.0,0.0,test:/0/@dispositifs.0/@protocoles.0/@traitements.337
['test:/0/@dispositifs.0/@protocoles.0/@facteurs.0/@modalites.338'],32_33,339,1,0.0,0.0,0.0,test:/0/@dispositifs.0/@protocoles.0/@traitements.338
['test:/0/@dispositifs.0/@protocoles.0/@facteurs.0/@modalites.339'],27_35,340,1,0.0,0.0,0.0,test:/0/@dispositifs.0/@protocoles.0/@traitements.339
['test:/0/@dispositifs.0/@protocoles.0/@facteurs.0/@modalites.340'],31_9,341,1,0.0,0.0,0.0,test:/0/@dispositifs.0/@protocoles.0/@traitements.340
['test:/0/@dispositifs.0/@protocoles.0/@facteurs.0/@modalites.341'],18_40,342,1,0.0,0.0,0.0,test:/0/@dispositifs.0/@protocoles.0/@traitements.341
['test:/0/@dispositifs.0/@protocoles.0/@facteurs.0/@modalites.342'],26_24,343,1,0.0,0.0,0.0,test:/0/@dispositifs.0/@protocoles.0/@traitements.342
['test:/0/@dispositifs.0/@protocoles.0/@facteurs.0/@modalites.343'],14_58,344,1,0.0,0.0,0.0,test:/0/@dispositifs.0/@protocoles.0/@traitements.343
['test:/0/@dispositifs.0/@protocoles.0/@facteurs.0/@modalites.344'],11_12,345,1,0.0,0.0,0.0,test:/0/@dispositifs.0/@protocoles.0/@traitements.344
['test:/0/@dispositifs.0/@protocoles.0/@facteurs.0/@modalites.345'],32_32,346,1,0.0,0.0,0.0,test:/0/@dispositifs.0/@protocoles.0/@traitements.345
['test:/0/@dispositifs.0/@protocoles.0/@facteurs.0/@modalites.346'],1_16,347,1,0.0,0.0,0.0,test:/0/@dispositifs.0/@protocoles.0/@traitements.346
['test:/0/@dispositifs.0/@protocoles.0/@facteurs.0/@modalites.347'],27_36,348,1,0.0,0.0,0.0,test:/0/@dispositifs.0/@protocoles.0/@traitements.347
['test:/0/@dispositifs.0/@protocoles.0/@facteurs.0/@modalites.348'],26_27,349,1,0.0,0.0,0.0,test:/0/@dispositifs.0/@protocoles.0/@traitements.348
['test:/0/@dispositifs.0/@protocoles.0/@facteurs.0/@modalites.349'],13_50,350,1,0.0,0.0,0.0,test:/0/@dispositifs.0/@protocoles.0/@traitements.349
['test:/0/@dispositifs.0/@protocoles.0/@facteurs.0/@modalites.350'],18_44,351,1,0.0,0.0,0.0,test:/0/@dispositifs.0/@protocoles.0/@traitements.350
['test:/0/@dispositifs.0/@protocoles.0/@facteurs.0/@modalites.351'],6_29,352,1,0.0,0.0,0.0,test:/0/@dispositifs.0/@protocoles.0/@traitements.351
['test:/0/@dispositifs.0/@protocoles.0/@facteurs.0/@modalites.352'],17_14,353,1,0.0,0.0,0.0,test:/0/@dispositifs.0/@protocoles.0/@traitements.352
['test:/0/@dispositifs.0/@protocoles.0/@facteurs.0/@modalites.353'],13_51,354,1,0.0,0.0,0.0,test:/0/@dispositifs.0/@protocoles.0/@traitements.353
['test:/0/@dispositifs.0/@protocoles.0/@facteurs.0/@modalites.354'],27_37,355,1,0.0,0.0,0.0,test:/0/@dispositifs.0/@protocoles.0/@traitements.354
['test:/0/@dispositifs.0/@protocoles.0/@facteurs.0/@modalites.355'],16_37,356,1,0.0,0.0,0.0,test:/0/@dispositifs.0/@protocoles.0/@traitements.355
['test:/0/@dispositifs.0/@protocoles.0/@facteurs.0/@modalites.356'],13_54,357,1,0.0,0.0,0.0,test:/0/@dispositifs.0/@protocoles.0/@traitements.356
['test:/0/@dispositifs.0/@protocoles.0/@facteurs.0/@modalites.357'],29_26,358,1,0.0,0.0,0.0,test:/0/@dispositifs.0/@protocoles.0/@traitements.357
['test:/0/@dispositifs.0/@protocoles.0/@facteurs.0/@modalites.358'],31_11,359,1,0.0,0.0,0.0,test:/0/@dispositifs.0/@protocoles.0/@traitements.358
['test:/0/@dispositifs.0/@protocoles.0/@facteurs.0/@modalites.359'],18_43,360,1,0.0,0.0,0.0,test:/0/@dispositifs.0/@protocoles.0/@traitements.359
['test:/0/@dispositifs.0/@protocoles.0/@facteurs.0/@modalites.360'],27_38,361,1,0.0,0.0,0.0,test:/0/@dispositifs.0/@protocoles.0/@traitements.360
['test:/0/@dispositifs.0/@protocoles.0/@facteurs.0/@modalites.361'],27_39,362,1,0.0,0.0,0.0,test:/0/@dispositifs.0/@protocoles.0/@traitements.361
['test:/0/@dispositifs.0/@protocoles.0/@facteurs.0/@modalites.362'],18_48,363,1,0.0,0.0,0.0,test:/0/@dispositifs.0/@protocoles.0/@traitements.362
['test:/0/@dispositifs.0/@protocoles.0/@facteurs.0/@modalites.363'],32_38,364,1,0.0,0.0,0.0,test:/0/@dispositifs.0/@protocoles.0/@traitements.363
['test:/0/@dispositifs.0/@protocoles.0/@facteurs.0/@modalites.364'],14_63,365,1,0.0,0.0,0.0,test:/0/@dispositifs.0/@protocoles.0/@traitements.364
['test:/0/@dispositifs.0/@protocoles.0/@facteurs.0/@modalites.365'],25_16,366,1,0.0,0.0,0.0,test:/0/@dispositifs.0/@protocoles.0/@traitements.365
['test:/0/@dispositifs.0/@protocoles.0/@facteurs.0/@modalites.366'],14_62,367,1,0.0,0.0,0.0,test:/0/@dispositifs.0/@protocoles.0/@traitements.366
['test:/0/@dispositifs.0/@protocoles.0/@facteurs.0/@modalites.367'],17_16,368,1,0.0,0.0,0.0,test:/0/@dispositifs.0/@protocoles.0/@traitements.367
['test:/0/@dispositifs.0/@protocoles.0/@facteurs.0/@modalites.368'],13_57,369,1,0.0,0.0,0.0,test:/0/@dispositifs.0/@protocoles.0/@traitements.368
['test:/0/@dispositifs.0/@protocoles.0/@facteurs.0/@modalites.369'],35_16,370,1,0.0,0.0,0.0,test:/0/@dispositifs.0/@protocoles.0/@traitements.369
['test:/0/@dispositifs.0/@protocoles.0/@facteurs.0/@modalites.370'],5_24,371,1,0.0,0.0,0.0,test:/0/@dispositifs.0/@protocoles.0/@traitements.370
['test:/0/@dispositifs.0/@protocoles.0/@facteurs.0/@modalites.371'],18_46,372,1,0.0,0.0,0.0,test:/0/@dispositifs.0/@protocoles.0/@traitements.371
['test:/0/@dispositifs.0/@protocoles.0/@facteurs.0/@modalites.372'],1_17,373,1,0.0,0.0,0.0,test:/0/@dispositifs.0/@protocoles.0/@traitements.372
['test:/0/@dispositifs.0/@protocoles.0/@facteurs.0/@modalites.373'],4_22,374,1,0.0,0.0,0.0,test:/0/@dispositifs.0/@protocoles.0/@traitements.373
['test:/0/@dispositifs.0/@protocoles.0/@facteurs.0/@modalites.374'],11_17,375,1,0.0,0.0,0.0,test:/0/@dispositifs.0/@protocoles.0/@traitements.374
['test:/0/@dispositifs.0/@protocoles.0/@facteurs.0/@modalites.375'],30_20,376,1,0.0,0.0,0.0,test:/0/@dispositifs.0/@protocoles.0/@traitements.375
['test:/0/@dispositifs.0/@protocoles.0/@facteurs.0/@modalites.376'],16_40,377,1,0.0,0.0,0.0,test:/0/@dispositifs.0/@protocoles.0/@traitements.376
['test:/0/@dispositifs.0/@protocoles.0/@facteurs.0/@modalites.377'],11_16,378,1,0.0,0.0,0.0,test:/0/@dispositifs.0/@protocoles.0/@traitements.377
['test:/0/@dispositifs.0/@protocoles.0/@facteurs.0/@modalites.378'],16_39,379,1,0.0,0.0,0.0,test:/0/@dispositifs.0/@protocoles.0/@traitements.378
['test:/0/@dispositifs.0/@protocoles.0/@facteurs.0/@modalites.379'],27_40,380,1,0.0,0.0,0.0,test:/0/@dispositifs.0/@protocoles.0/@traitements.379
['test:/0/@dispositifs.0/@protocoles.0/@facteurs.0/@modalites.380'],31_12,381,1,0.0,0.0,0.0,test:/0/@dispositifs.0/@protocoles.0/@traitements.380
['test:/0/@dispositifs.0/@protocoles.0/@facteurs.0/@modalites.381'],38_7,382,1,0.0,0.0,0.0,test:/0/@dispositifs.0/@protocoles.0/@traitements.381
['test:/0/@dispositifs.0/@protocoles.0/@facteurs.0/@modalites.382'],13_59,383,1,0.0,0.0,0.0,test:/0/@dispositifs.0/@protocoles.0/@traitements.382
['test:/0/@dispositifs.0/@protocoles.0/@facteurs.0/@modalites.383'],32_36,384,1,0.0,0.0,0.0,test:/0/@dispositifs.0/@protocoles.0/@traitements.383
['test:/0/@dispositifs.0/@protocoles.0/@facteurs.0/@modalites.384'],14_64,385,1,0.0,0.0,0.0,test:/0/@dispositifs.0/@protocoles.0/@traitements.384
['test:/0/@dispositifs.0/@protocoles.0/@facteurs.0/@modalites.385'],1_19,386,1,0.0,0.0,0.0,test:/0/@dispositifs.0/@protocoles.0/@traitements.385
['test:/0/@dispositifs.0/@protocoles.0/@facteurs.0/@modalites.386'],13_60,387,1,0.0,0.0,0.0,test:/0/@dispositifs.0/@protocoles.0/@traitements.386
['test:/0/@dispositifs.0/@protocoles.0/@facteurs.0/@modalites.387'],29_28,388,1,0.0,0.0,0.0,test:/0/@dispositifs.0/@protocoles.0/@traitements.387
['test:/0/@dispositifs.0/@protocoles.0/@facteurs.0/@modalites.388'],11_18,389,1,0.0,0.0,0.0,test:/0/@dispositifs.0/@protocoles.0/@traitements.388
['test:/0/@dispositifs.0/@protocoles.0/@facteurs.0/@modalites.389'],11_19,390,1,0.0,0.0,0.0,test:/0/@dispositifs.0/@protocoles.0/@traitements.389
['test:/0/@dispositifs.0/@protocoles.0/@facteurs.0/@modalites.390'],5_25,391,1,0.0,0.0,0.0,test:/0/@dispositifs.0/@protocoles.0/@traitements.390
['test:/0/@dispositifs.0/@protocoles.0/@facteurs.0/@modalites.391'],32_52,392,1,0.0,0.0,0.0,test:/0/@dispositifs.0/@protocoles.0/@traitements.391
['test:/0/@dispositifs.0/@protocoles.0/@facteurs.0/@modalites.392'],25_28,393,1,0.0,0.0,0.0,test:/0/@dispositifs.0/@protocoles.0/@traitements.392
['test:/0/@dispositifs.0/@protocoles.0/@facteurs.0/@modalites.393'],16_66,394,1,0.0,0.0,0.0,test:/0/@dispositifs.0/@protocoles.0/@traitements.393
['test:/0/@dispositifs.0/@protocoles.0/@facteurs.0/@modalites.394'],13_95,395,1,0.0,0.0,0.0,test:/0/@dispositifs.0/@protocoles.0/@traitements.394
['test:/0/@dispositifs.0/@protocoles.0/@facteurs.0/@modalites.395'],27_46,396,1,0.0,0.0,0.0,test:/0/@dispositifs.0/@protocoles.0/@traitements.395
['test:/0/@dispositifs.0/@protocoles.0/@facteurs.0/@modalites.396'],18_50,397,1,0.0,0.0,0.0,test:/0/@dispositifs.0/@protocoles.0/@traitements.396
['test:/0/@dispositifs.0/@protocoles.0/@facteurs.0/@modalites.397'],13_65,398,1,0.0,0.0,0.0,test:/0/@dispositifs.0/@protocoles.0/@traitements.397
['test:/0/@dispositifs.0/@protocoles.0/@facteurs.0/@modalites.398'],14_68,399,1,0.0,0.0,0.0,test:/0/@dispositifs.0/@protocoles.0/@traitements.398
['test:/0/@dispositifs.0/@protocoles.0/@facteurs.0/@modalites.399'],35_19,400,1,0.0,0.0,0.0,test:/0/@dispositifs.0/@protocoles.0/@traitements.399
['test:/0/@dispositifs.0/@protocoles.0/@facteurs.0/@modalites.400'],27_45,401,1,0.0,0.0,0.0,test:/0/@dispositifs.0/@protocoles.0/@traitements.400
['test:/0/@dispositifs.0/@protocoles.0/@facteurs.0/@modalites.401'],14_67,402,1,0.0,0.0,0.0,test:/0/@dispositifs.0/@protocoles.0/@traitements.401
['test:/0/@dispositifs.0/@protocoles.0/@facteurs.0/@modalites.402'],18_49,403,1,0.0,0.0,0.0,test:/0/@dispositifs.0/@protocoles.0/@traitements.402
['test:/0/@dispositifs.0/@protocoles.0/@facteurs.0/@modalites.403'],13_64,404,1,0.0,0.0,0.0,test:/0/@dispositifs.0/@protocoles.0/@traitements.403
['test:/0/@dispositifs.0/@protocoles.0/@facteurs.0/@modalites.404'],16_47,405,1,0.0,0.0,0.0,test:/0/@dispositifs.0/@protocoles.0/@traitements.404
['test:/0/@dispositifs.0/@protocoles.0/@facteurs.0/@modalites.405'],4_27,406,1,0.0,0.0,0.0,test:/0/@dispositifs.0/@protocoles.0/@traitements.405
['test:/0/@dispositifs.0/@protocoles.0/@facteurs.0/@modalites.406'],29_30,407,1,0.0,0.0,0.0,test:/0/@dispositifs.0/@protocoles.0/@traitements.406
['test:/0/@dispositifs.0/@protocoles.0/@facteurs.0/@modalites.407'],25_18,408,1,0.0,0.0,0.0,test:/0/@dispositifs.0/@protocoles.0/@traitements.407
['test:/0/@dispositifs.0/@protocoles.0/@facteurs.0/@modalites.408'],1_20,409,1,0.0,0.0,0.0,test:/0/@dispositifs.0/@protocoles.0/@traitements.408
['test:/0/@dispositifs.0/@protocoles.0/@facteurs.0/@modalites.409'],26_29,410,1,0.0,0.0,0.0,test:/0/@dispositifs.0/@protocoles.0/@traitements.409
['test:/0/@dispositifs.0/@protocoles.0/@facteurs.0/@modalites.410'],32_39,411,1,0.0,0.0,0.0,test:/0/@dispositifs.0/@protocoles.0/@traitements.410
['test:/0/@dispositifs.0/@protocoles.0/@facteurs.0/@modalites.411'],29_31,412,1,0.0,0.0,0.0,test:/0/@dispositifs.0/@protocoles.0/@traitements.411
['test:/0/@dispositifs.0/@protocoles.0/@facteurs.0/@modalites.412'],13_66,413,1,0.0,0.0,0.0,test:/0/@dispositifs.0/@protocoles.0/@traitements.412
['test:/0/@dispositifs.0/@protocoles.0/@facteurs.0/@modalites.413'],1_29,414,1,0.0,0.0,0.0,test:/0/@dispositifs.0/@protocoles.0/@traitements.413
['test:/0/@dispositifs.0/@protocoles.0/@facteurs.0/@modalites.414'],27_67,415,1,0.0,0.0,0.0,test:/0/@dispositifs.0/@protocoles.0/@traitements.414
['test:/0/@dispositifs.0/@protocoles.0/@facteurs.0/@modalites.415'],31_20,416,1,0.0,0.0,0.0,test:/0/@dispositifs.0/@protocoles.0/@traitements.415
['test:/0/@dispositifs.0/@protocoles.0/@facteurs.0/@modalites.416'],29_43,417,1,0.0,0.0,0.0,test:/0/@dispositifs.0/@protocoles.0/@traitements.416
['test:/0/@dispositifs.0/@protocoles.0/@facteurs.0/@modalites.417'],14_97,418,1,0.0,0.0,0.0,test:/0/@dispositifs.0/@protocoles.0/@traitements.417
['test:/0/@dispositifs.0/@protocoles.0/@facteurs.0/@modalites.418'],16_67,419,1,0.0,0.0,0.0,test:/0/@dispositifs.0/@protocoles.0/@traitements.418
['test:/0/@dispositifs.0/@protocoles.0/@facteurs.0/@modalites.419'],14_99,420,1,0.0,0.0,0.0,test:/0/@dispositifs.0/@protocoles.0/@traitements.419
['test:/0/@dispositifs.0/@protocoles.0/@facteurs.0/@modalites.420'],18_74,421,1,0.0,0.0,0.0,test:/0/@dispositifs.0/@protocoles.0/@traitements.420
['test:/0/@dispositifs.0/@protocoles.0/@facteurs.0/@modalites.421'],32_53,422,1,0.0,0.0,0.0,test:/0/@dispositifs.0/@protocoles.0/@traitements.421
['test:/0/@dispositifs.0/@protocoles.0/@facteurs.0/@modalites.422'],27_48,423,1,0.0,0.0,0.0,test:/0/@dispositifs.0/@protocoles.0/@traitements.422
['test:/0/@dispositifs.0/@protocoles.0/@facteurs.0/@modalites.423'],41_4,424,1,0.0,0.0,0.0,test:/0/@dispositifs.0/@protocoles.0/@traitements.423
['test:/0/@dispositifs.0/@protocoles.0/@facteurs.0/@modalites.424'],27_47,425,1,0.0,0.0,0.0,test:/0/@dispositifs.0/@protocoles.0/@traitements.424
['test:/0/@dispositifs.0/@protocoles.0/@facteurs.0/@modalites.425'],36_16,426,1,0.0,0.0,0.0,test:/0/@dispositifs.0/@protocoles.0/@traitements.425
['test:/0/@dispositifs.0/@protocoles.0/@facteurs.0/@modalites.426'],11_22,427,1,0.0,0.0,0.0,test:/0/@dispositifs.0/@protocoles.0/@traitements.426
['test:/0/@dispositifs.0/@protocoles.0/@facteurs.0/@modalites.427'],26_30,428,1,0.0,0.0,0.0,test:/0/@dispositifs.0/@protocoles.0/@traitements.427
['test:/0/@dispositifs.0/@protocoles.0/@facteurs.0/@modalites.428'],17_21,429,1,0.0,0.0,0.0,test:/0/@dispositifs.0/@protocoles.0/@traitements.428
['test:/0/@dispositifs.0/@protocoles.0/@facteurs.0/@modalites.429'],13_68,430,1,0.0,0.0,0.0,test:/0/@dispositifs.0/@protocoles.0/@traitements.429
['test:/0/@dispositifs.0/@protocoles.0/@facteurs.0/@modalites.430'],6_37,431,1,0.0,0.0,0.0,test:/0/@dispositifs.0/@protocoles.0/@traitements.430
['test:/0/@dispositifs.0/@protocoles.0/@facteurs.0/@modalites.431'],5_26,432,1,0.0,0.0,0.0,test:/0/@dispositifs.0/@protocoles.0/@traitements.431
['test:/0/@dispositifs.0/@protocoles.0/@facteurs.0/@modalites.432'],5_27,433,1,0.0,0.0,0.0,test:/0/@dispositifs.0/@protocoles.0/@traitements.432
['test:/0/@dispositifs.0/@protocoles.0/@facteurs.0/@modalites.433'],26_31,434,1,0.0,0.0,0.0,test:/0/@dispositifs.0/@protocoles.0/@traitements.433
['test:/0/@dispositifs.0/@protocoles.0/@facteurs.0/@modalites.434'],18_54,435,1,0.0,0.0,0.0,test:/0/@dispositifs.0/@protocoles.0/@traitements.434
['test:/0/@dispositifs.0/@protocoles.0/@facteurs.0/@modalites.435'],26_42,436,1,0.0,0.0,0.0,test:/0/@dispositifs.0/@protocoles.0/@traitements.435
['test:/0/@dispositifs.0/@protocoles.0/@facteurs.0/@modalites.436'],29_44,437,1,0.0,0.0,0.0,test:/0/@dispositifs.0/@protocoles.0/@traitements.436
['test:/0/@dispositifs.0/@protocoles.0/@facteurs.0/@modalites.437'],1_30,438,1,0.0,0.0,0.0,test:/0/@dispositifs.0/@protocoles.0/@traitements.437
['test:/0/@dispositifs.0/@protocoles.0/@facteurs.0/@modalites.438'],31_21,439,1,0.0,0.0,0.0,test:/0/@dispositifs.0/@protocoles.0/@traitements.438
['test:/0/@dispositifs.0/@protocoles.0/@facteurs.0/@modalites.439'],26_43,440,1,0.0,0.0,0.0,test:/0/@dispositifs.0/@protocoles.0/@traitements.439
['test:/0/@dispositifs.0/@protocoles.0/@facteurs.0/@modalites.440'],32_54,441,1,0.0,0.0,0.0,test:/0/@dispositifs.0/@protocoles.0/@traitements.440
['test:/0/@dispositifs.0/@protocoles.0/@facteurs.0/@modalites.441'],25_29,442,1,0.0,0.0,0.0,test:/0/@dispositifs.0/@protocoles.0/@traitements.441
['test:/0/@dispositifs.0/@protocoles.0/@facteurs.0/@modalites.442'],14_74,443,1,0.0,0.0,0.0,test:/0/@dispositifs.0/@protocoles.0/@traitements.442
['test:/0/@dispositifs.0/@protocoles.0/@facteurs.0/@modalites.443'],26_32,444,1,0.0,0.0,0.0,test:/0/@dispositifs.0/@protocoles.0/@traitements.443
['test:/0/@dispositifs.0/@protocoles.0/@facteurs.0/@modalites.444'],18_56,445,1,0.0,0.0,0.0,test:/0/@dispositifs.0/@protocoles.0/@traitements.444
['test:/0/@dispositifs.0/@protocoles.0/@facteurs.0/@modalites.445'],14_73,446,1,0.0,0.0,0.0,test:/0/@dispositifs.0/@protocoles.0/@traitements.445
['test:/0/@dispositifs.0/@protocoles.0/@facteurs.0/@modalites.446'],13_72,447,1,0.0,0.0,0.0,test:/0/@dispositifs.0/@protocoles.0/@traitements.446
['test:/0/@dispositifs.0/@protocoles.0/@facteurs.0/@modalites.447'],29_33,448,1,0.0,0.0,0.0,test:/0/@dispositifs.0/@protocoles.0/@traitements.447
['test:/0/@dispositifs.0/@protocoles.0/@facteurs.0/@modalites.448'],17_22,449,1,0.0,0.0,0.0,test:/0/@dispositifs.0/@protocoles.0/@traitements.448
['test:/0/@dispositifs.0/@protocoles.0/@facteurs.0/@modalites.449'],10_2,450,1,0.0,0.0,0.0,test:/0/@dispositifs.0/@protocoles.0/@traitements.449
['test:/0/@dispositifs.0/@protocoles.0/@facteurs.0/@modalites.450'],18_55,451,1,0.0,0.0,0.0,test:/0/@dispositifs.0/@protocoles.0/@traitements.450
['test:/0/@dispositifs.0/@protocoles.0/@facteurs.0/@modalites.451'],27_49,452,1,0.0,0.0,0.0,test:/0/@dispositifs.0/@protocoles.0/@traitements.451
['test:/0/@dispositifs.0/@protocoles.0/@facteurs.0/@modalites.452'],14_76,453,1,0.0,0.0,0.0,test:/0/@dispositifs.0/@protocoles.0/@traitements.452
['test:/0/@dispositifs.0/@protocoles.0/@facteurs.0/@modalites.453'],26_33,454,1,0.0,0.0,0.0,test:/0/@dispositifs.0/@protocoles.0/@traitements.453
['test:/0/@dispositifs.0/@protocoles.0/@facteurs.0/@modalites.454'],32_40,455,1,0.0,0.0,0.0,test:/0/@dispositifs.0/@protocoles.0/@traitements.454
['test:/0/@dispositifs.0/@protocoles.0/@facteurs.0/@modalites.455'],25_20,456,1,0.0,0.0,0.0,test:/0/@dispositifs.0/@protocoles.0/@traitements.455
['test:/0/@dispositifs.0/@protocoles.0/@facteurs.0/@modalites.456'],30_25,457,1,0.0,0.0,0.0,test:/0/@dispositifs.0/@protocoles.0/@traitements.456
['test:/0/@dispositifs.0/@protocoles.0/@facteurs.0/@modalites.457'],27_50,458,1,0.0,0.0,0.0,test:/0/@dispositifs.0/@protocoles.0/@traitements.457
['test:/0/@dispositifs.0/@protocoles.0/@facteurs.0/@modalites.458'],16_51,459,1,0.0,0.0,0.0,test:/0/@dispositifs.0/@protocoles.0/@traitements.458
['test:/0/@dispositifs.0/@protocoles.0/@facteurs.0/@modalites.459'],4_28,460,1,0.0,0.0,0.0,test:/0/@dispositifs.0/@protocoles.0/@traitements.459
['test:/0/@dispositifs.0/@protocoles.0/@facteurs.0/@modalites.460'],35_20,461,1,0.0,0.0,0.0,test:/0/@dispositifs.0/@protocoles.0/@traitements.460
['test:/0/@dispositifs.0/@protocoles.0/@facteurs.0/@modalites.461'],16_52,462,1,0.0,0.0,0.0,test:/0/@dispositifs.0/@protocoles.0/@traitements.461
['test:/0/@dispositifs.0/@protocoles.0/@facteurs.0/@modalites.462'],14_100,463,1,0.0,0.0,0.0,test:/0/@dispositifs.0/@protocoles.0/@traitements.462
['test:/0/@dispositifs.0/@protocoles.0/@facteurs.0/@modalites.463'],4_36,464,1,0.0,0.0,0.0,test:/0/@dispositifs.0/@protocoles.0/@traitements.463
['test:/0/@dispositifs.0/@protocoles.0/@facteurs.0/@modalites.464'],17_26,465,1,0.0,0.0,0.0,test:/0/@dispositifs.0/@protocoles.0/@traitements.464
['test:/0/@dispositifs.0/@protocoles.0/@facteurs.0/@modalites.465'],16_69,466,1,0.0,0.0,0.0,test:/0/@dispositifs.0/@protocoles.0/@traitements.465
['test:/0/@dispositifs.0/@protocoles.0/@facteurs.0/@modalites.466'],7_4,467,1,0.0,0.0,0.0,test:/0/@dispositifs.0/@protocoles.0/@traitements.466
['test:/0/@dispositifs.0/@protocoles.0/@facteurs.0/@modalites.467'],16_71,468,1,0.0,0.0,0.0,test:/0/@dispositifs.0/@protocoles.0/@traitements.467
['test:/0/@dispositifs.0/@protocoles.0/@facteurs.0/@modalites.468'],2_25,469,1,0.0,0.0,0.0,test:/0/@dispositifs.0/@protocoles.0/@traitements.468
['test:/0/@dispositifs.0/@protocoles.0/@facteurs.0/@modalites.469'],13_98,470,1,0.0,0.0,0.0,test:/0/@dispositifs.0/@protocoles.0/@traitements.469
['test:/0/@dispositifs.0/@protocoles.0/@facteurs.0/@modalites.470'],13_75,471,1,0.0,0.0,0.0,test:/0/@dispositifs.0/@protocoles.0/@traitements.470
['test:/0/@dispositifs.0/@protocoles.0/@facteurs.0/@modalites.471'],30_26,472,1,0.0,0.0,0.0,test:/0/@dispositifs.0/@protocoles.0/@traitements.471
['test:/0/@dispositifs.0/@protocoles.0/@facteurs.0/@modalites.472'],13_74,473,1,0.0,0.0,0.0,test:/0/@dispositifs.0/@protocoles.0/@traitements.472
['test:/0/@dispositifs.0/@protocoles.0/@facteurs.0/@modalites.473'],14_78,474,1,0.0,0.0,0.0,test:/0/@dispositifs.0/@protocoles.0/@traitements.473
['test:/0/@dispositifs.0/@protocoles.0/@facteurs.0/@modalites.474'],18_59,475,1,0.0,0.0,0.0,test:/0/@dispositifs.0/@protocoles.0/@traitements.474
['test:/0/@dispositifs.0/@protocoles.0/@facteurs.0/@modalites.475'],16_53,476,1,0.0,0.0,0.0,test:/0/@dispositifs.0/@protocoles.0/@traitements.475
['test:/0/@dispositifs.0/@protocoles.0/@facteurs.0/@modalites.476'],31_14,477,1,0.0,0.0,0.0,test:/0/@dispositifs.0/@protocoles.0/@traitements.476
['test:/0/@dispositifs.0/@protocoles.0/@facteurs.0/@modalites.477'],27_51,478,1,0.0,0.0,0.0,test:/0/@dispositifs.0/@protocoles.0/@traitements.477
['test:/0/@dispositifs.0/@protocoles.0/@facteurs.0/@modalites.478'],14_77,479,1,0.0,0.0,0.0,test:/0/@dispositifs.0/@protocoles.0/@traitements.478
['test:/0/@dispositifs.0/@protocoles.0/@facteurs.0/@modalites.479'],25_21,480,1,0.0,0.0,0.0,test:/0/@dispositifs.0/@protocoles.0/@traitements.479
['test:/0/@dispositifs.0/@protocoles.0/@facteurs.0/@modalites.480'],5_29,481,1,0.0,0.0,0.0,test:/0/@dispositifs.0/@protocoles.0/@traitements.480
['test:/0/@dispositifs.0/@protocoles.0/@facteurs.0/@modalites.481'],13_77,482,1,0.0,0.0,0.0,test:/0/@dispositifs.0/@protocoles.0/@traitements.481
['test:/0/@dispositifs.0/@protocoles.0/@facteurs.0/@modalites.482'],12_8,483,1,0.0,0.0,0.0,test:/0/@dispositifs.0/@protocoles.0/@traitements.482
['test:/0/@dispositifs.0/@protocoles.0/@facteurs.0/@modalites.483'],17_23,484,1,0.0,0.0,0.0,test:/0/@dispositifs.0/@protocoles.0/@traitements.483
['test:/0/@dispositifs.0/@protocoles.0/@facteurs.0/@modalites.484'],32_42,485,1,0.0,0.0,0.0,test:/0/@dispositifs.0/@protocoles.0/@traitements.484
['test:/0/@dispositifs.0/@protocoles.0/@facteurs.0/@modalites.485'],16_54,486,1,0.0,0.0,0.0,test:/0/@dispositifs.0/@protocoles.0/@traitements.485
['test:/0/@dispositifs.0/@protocoles.0/@facteurs.0/@modalites.486'],18_60,487,1,0.0,0.0,0.0,test:/0/@dispositifs.0/@protocoles.0/@traitements.486
['test:/0/@dispositifs.0/@protocoles.0/@facteurs.0/@modalites.487'],32_55,488,1,0.0,0.0,0.0,test:/0/@dispositifs.0/@protocoles.0/@traitements.487
['test:/0/@dispositifs.0/@protocoles.0/@facteurs.0/@modalites.488'],4_37,489,1,0.0,0.0,0.0,test:/0/@dispositifs.0/@protocoles.0/@traitements.488
['test:/0/@dispositifs.0/@protocoles.0/@facteurs.0/@modalites.489'],14_101,490,1,0.0,0.0,0.0,test:/0/@dispositifs.0/@protocoles.0/@traitements.489
['test:/0/@dispositifs.0/@protocoles.0/@facteurs.0/@modalites.490'],13_99,491,1,0.0,0.0,0.0,test:/0/@dispositifs.0/@protocoles.0/@traitements.490
['test:/0/@dispositifs.0/@protocoles.0/@facteurs.0/@modalites.491'],27_70,492,1,0.0,0.0,0.0,test:/0/@dispositifs.0/@protocoles.0/@traitements.491
['test:/0/@dispositifs.0/@protocoles.0/@facteurs.0/@modalites.492'],4_38,493,1,0.0,0.0,0.0,test:/0/@dispositifs.0/@protocoles.0/@traitements.492
['test:/0/@dispositifs.0/@protocoles.0/@facteurs.0/@modalites.493'],14_102,494,1,0.0,0.0,0.0,test:/0/@dispositifs.0/@protocoles.0/@traitements.493
['test:/0/@dispositifs.0/@protocoles.0/@facteurs.0/@modalites.494'],18_77,495,1,0.0,0.0,0.0,test:/0/@dispositifs.0/@protocoles.0/@traitements.494
['test:/0/@dispositifs.0/@protocoles.0/@facteurs.0/@modalites.495'],27_54,496,1,0.0,0.0,0.0,test:/0/@dispositifs.0/@protocoles.0/@traitements.495
['test:/0/@dispositifs.0/@protocoles.0/@facteurs.0/@modalites.496'],13_78,497,1,0.0,0.0,0.0,test:/0/@dispositifs.0/@protocoles.0/@traitements.496
['test:/0/@dispositifs.0/@protocoles.0/@facteurs.0/@modalites.497'],16_56,498,1,0.0,0.0,0.0,test:/0/@dispositifs.0/@protocoles.0/@traitements.497
['test:/0/@dispositifs.0/@protocoles.0/@facteurs.0/@modalites.498'],18_63,499,1,0.0,0.0,0.0,test:/0/@dispositifs.0/@protocoles.0/@traitements.498
['test:/0/@dispositifs.0/@protocoles.0/@facteurs.0/@modalites.499'],14_82,500,1,0.0,0.0,0.0,test:/0/@dispositifs.0/@protocoles.0/@traitements.499
['test:/0/@dispositifs.0/@protocoles.0/@facteurs.0/@modalites.500'],30_27,501,1,0.0,0.0,0.0,test:/0/@dispositifs.0/@protocoles.0/@traitements.500
['test:/0/@dispositifs.0/@protocoles.0/@facteurs.0/@modalites.501'],27_53,502,1,0.0,0.0,0.0,test:/0/@dispositifs.0/@protocoles.0/@traitements.501
['test:/0/@dispositifs.0/@protocoles.0/@facteurs.0/@modalites.502'],29_35,503,1,0.0,0.0,0.0,test:/0/@dispositifs.0/@protocoles.0/@traitements.502
['test:/0/@dispositifs.0/@protocoles.0/@facteurs.0/@modalites.503'],18_62,504,1,0.0,0.0,0.0,test:/0/@dispositifs.0/@protocoles.0/@traitements.503
['test:/0/@dispositifs.0/@protocoles.0/@facteurs.0/@modalites.504'],14_81,505,1,0.0,0.0,0.0,test:/0/@dispositifs.0/@protocoles.0/@traitements.504
['test:/0/@dispositifs.0/@protocoles.0/@facteurs.0/@modalites.505'],1_22,506,1,0.0,0.0,0.0,test:/0/@dispositifs.0/@protocoles.0/@traitements.505
['test:/0/@dispositifs.0/@protocoles.0/@facteurs.0/@modalites.506'],4_30,507,1,0.0,0.0,0.0,test:/0/@dispositifs.0/@protocoles.0/@traitements.506
['test:/0/@dispositifs.0/@protocoles.0/@facteurs.0/@modalites.507'],13_80,508,1,0.0,0.0,0.0,test:/0/@dispositifs.0/@protocoles.0/@traitements.507
['test:/0/@dispositifs.0/@protocoles.0/@facteurs.0/@modalites.508'],25_22,509,1,0.0,0.0,0.0,test:/0/@dispositifs.0/@protocoles.0/@traitements.508
['test:/0/@dispositifs.0/@protocoles.0/@facteurs.0/@modalites.509'],16_57,510,1,0.0,0.0,0.0,test:/0/@dispositifs.0/@protocoles.0/@traitements.509
['test:/0/@dispositifs.0/@protocoles.0/@facteurs.0/@modalites.510'],29_36,511,1,0.0,0.0,0.0,test:/0/@dispositifs.0/@protocoles.0/@traitements.510
['test:/0/@dispositifs.0/@protocoles.0/@facteurs.0/@modalites.511'],36_17,512,1,0.0,0.0,0.0,test:/0/@dispositifs.0/@protocoles.0/@traitements.511
['test:/0/@dispositifs.0/@protocoles.0/@facteurs.0/@modalites.512'],26_34,513,1,0.0,0.0,0.0,test:/0/@dispositifs.0/@protocoles.0/@traitements.512
['test:/0/@dispositifs.0/@protocoles.0/@facteurs.0/@modalites.513'],27_55,514,1,0.0,0.0,0.0,test:/0/@dispositifs.0/@protocoles.0/@traitements.513
['test:/0/@dispositifs.0/@protocoles.0/@facteurs.0/@modalites.514'],6_42,515,1,0.0,0.0,0.0,test:/0/@dispositifs.0/@protocoles.0/@traitements.514
['test:/0/@dispositifs.0/@protocoles.0/@facteurs.0/@modalites.515'],16_58,516,1,0.0,0.0,0.0,test:/0/@dispositifs.0/@protocoles.0/@traitements.515
['test:/0/@dispositifs.0/@protocoles.0/@facteurs.0/@modalites.516'],30_33,517,1,0.0,0.0,0.0,test:/0/@dispositifs.0/@protocoles.0/@traitements.516
['test:/0/@dispositifs.0/@protocoles.0/@facteurs.0/@modalites.517'],26_44,518,1,0.0,0.0,0.0,test:/0/@dispositifs.0/@protocoles.0/@traitements.517
['test:/0/@dispositifs.0/@protocoles.0/@facteurs.0/@modalites.518'],1_31,519,1,0.0,0.0,0.0,test:/0/@dispositifs.0/@protocoles.0/@traitements.518
['test:/0/@dispositifs.0/@protocoles.0/@facteurs.0/@modalites.519'],29_45,520,1,0.0,0.0,0.0,test:/0/@dispositifs.0/@protocoles.0/@traitements.519
['test:/0/@dispositifs.0/@protocoles.0/@facteurs.0/@modalites.520'],17_27,521,1,0.0,0.0,0.0,test:/0/@dispositifs.0/@protocoles.0/@traitements.520
['test:/0/@dispositifs.0/@protocoles.0/@facteurs.0/@modalites.521'],14_69,522,1,0.0,0.0,0.0,test:/0/@dispositifs.0/@protocoles.0/@traitements.521
['test:/0/@dispositifs.0/@protocoles.0/@facteurs.0/@modalites.522'],16_46,523,1,0.0,0.0,0.0,test:/0/@dispositifs.0/@protocoles.0/@traitements.522
['test:/0/@dispositifs.0/@protocoles.0/@facteurs.0/@modalites.523'],18_51,524,1,0.0,0.0,0.0,test:/0/@dispositifs.0/@protocoles.0/@traitements.523
['test:/0/@dispositifs.0/@protocoles.0/@facteurs.0/@modalites.524'],13_84,525,1,0.0,0.0,0.0,test:/0/@dispositifs.0/@protocoles.0/@traitements.524
['test:/0/@dispositifs.0/@protocoles.0/@facteurs.0/@modalites.525'],18_65,526,1,0.0,0.0,0.0,test:/0/@dispositifs.0/@protocoles.0/@traitements.525
['test:/0/@dispositifs.0/@protocoles.0/@facteurs.0/@modalites.526'],25_23,527,1,0.0,0.0,0.0,test:/0/@dispositifs.0/@protocoles.0/@traitements.526
['test:/0/@dispositifs.0/@protocoles.0/@facteurs.0/@modalites.527'],14_86,528,1,0.0,0.0,0.0,test:/0/@dispositifs.0/@protocoles.0/@traitements.527
['test:/0/@dispositifs.0/@protocoles.0/@facteurs.0/@modalites.528'],27_56,529,1,0.0,0.0,0.0,test:/0/@dispositifs.0/@protocoles.0/@traitements.528
['test:/0/@dispositifs.0/@protocoles.0/@facteurs.0/@modalites.529'],13_83,530,1,0.0,0.0,0.0,test:/0/@dispositifs.0/@protocoles.0/@traitements.529
['test:/0/@dispositifs.0/@protocoles.0/@facteurs.0/@modalites.530'],32_44,531,1,0.0,0.0,0.0,test:/0/@dispositifs.0/@protocoles.0/@traitements.530
['test:/0/@dispositifs.0/@protocoles.0/@facteurs.0/@modalites.531'],11_23,532,1,0.0,0.0,0.0,test:/0/@dispositifs.0/@protocoles.0/@traitements.531
['test:/0/@dispositifs.0/@protocoles.0/@facteurs.0/@modalites.532'],14_85,533,1,0.0,0.0,0.0,test:/0/@dispositifs.0/@protocoles.0/@traitements.532
['test:/0/@dispositifs.0/@protocoles.0/@facteurs.0/@modalites.533'],26_35,534,1,0.0,0.0,0.0,test:/0/@dispositifs.0/@protocoles.0/@traitements.533
['test:/0/@dispositifs.0/@protocoles.0/@facteurs.0/@modalites.534'],13_82,535,1,0.0,0.0,0.0,test:/0/@dispositifs.0/@protocoles.0/@traitements.534
['test:/0/@dispositifs.0/@protocoles.0/@facteurs.0/@modalites.535'],2_19,536,1,0.0,0.0,0.0,test:/0/@dispositifs.0/@protocoles.0/@traitements.535
['test:/0/@dispositifs.0/@protocoles.0/@facteurs.0/@modalites.536'],30_28,537,1,0.0,0.0,0.0,test:/0/@dispositifs.0/@protocoles.0/@traitements.536
['test:/0/@dispositifs.0/@protocoles.0/@facteurs.0/@modalites.537'],31_15,538,1,0.0,0.0,0.0,test:/0/@dispositifs.0/@protocoles.0/@traitements.537
['test:/0/@dispositifs.0/@protocoles.0/@facteurs.0/@modalites.538'],35_21,539,1,0.0,0.0,0.0,test:/0/@dispositifs.0/@protocoles.0/@traitements.538
['test:/0/@dispositifs.0/@protocoles.0/@facteurs.0/@modalites.539'],26_36,540,1,0.0,0.0,0.0,test:/0/@dispositifs.0/@protocoles.0/@traitements.539
['test:/0/@dispositifs.0/@protocoles.0/@facteurs.0/@modalites.540'],30_29,541,1,0.0,0.0,0.0,test:/0/@dispositifs.0/@protocoles.0/@traitements.540
['test:/0/@dispositifs.0/@protocoles.0/@facteurs.0/@modalites.541'],11_24,542,1,0.0,0.0,0.0,test:/0/@dispositifs.0/@protocoles.0/@traitements.541
['test:/0/@dispositifs.0/@protocoles.0/@facteurs.0/@modalites.542'],31_16,543,1,0.0,0.0,0.0,test:/0/@dispositifs.0/@protocoles.0/@traitements.542
['test:/0/@dispositifs.0/@protocoles.0/@facteurs.0/@modalites.543'],13_85,544,1,0.0,0.0,0.0,test:/0/@dispositifs.0/@protocoles.0/@traitements.543
['test:/0/@dispositifs.0/@protocoles.0/@facteurs.0/@modalites.544'],14_88,545,1,0.0,0.0,0.0,test:/0/@dispositifs.0/@protocoles.0/@traitements.544
['test:/0/@dispositifs.0/@protocoles.0/@facteurs.0/@modalites.545'],27_57,546,1,0.0,0.0,0.0,test:/0/@dispositifs.0/@protocoles.0/@traitements.545
['test:/0/@dispositifs.0/@protocoles.0/@facteurs.0/@modalites.546'],14_66,547,1,0.0,0.0,0.0,test:/0/@dispositifs.0/@protocoles.0/@traitements.546
['test:/0/@dispositifs.0/@protocoles.0/@facteurs.0/@modalites.547'],18_52,548,1,0.0,0.0,0.0,test:/0/@dispositifs.0/@protocoles.0/@traitements.547
['test:/0/@dispositifs.0/@protocoles.0/@facteurs.0/@modalites.548'],14_70,549,1,0.0,0.0,0.0,test:/0/@dispositifs.0/@protocoles.0/@traitements.548
['test:/0/@dispositifs.0/@protocoles.0/@facteurs.0/@modalites.549'],13_67,550,1,0.0,0.0,0.0,test:/0/@dispositifs.0/@protocoles.0/@traitements.549
['test:/0/@dispositifs.0/@protocoles.0/@facteurs.0/@modalites.550'],16_59,551,1,0.0,0.0,0.0,test:/0/@dispositifs.0/@protocoles.0/@traitements.550
['test:/0/@dispositifs.0/@protocoles.0/@facteurs.0/@modalites.551'],14_93,552,1,0.0,0.0,0.0,test:/0/@dispositifs.0/@protocoles.0/@traitements.551
['test:/0/@dispositifs.0/@protocoles.0/@facteurs.0/@modalites.552'],17_20,553,1,0.0,0.0,0.0,test:/0/@dispositifs.0/@protocoles.0/@traitements.552
['test:/0/@dispositifs.0/@protocoles.0/@facteurs.0/@modalites.553'],13_86,554,1,0.0,0.0,0.0,test:/0/@dispositifs.0/@protocoles.0/@traitements.553
['test:/0/@dispositifs.0/@protocoles.0/@facteurs.0/@modalites.554'],32_45,555,1,0.0,0.0,0.0,test:/0/@dispositifs.0/@protocoles.0/@traitements.554
['test:/0/@dispositifs.0/@protocoles.0/@facteurs.0/@modalites.555'],14_92,556,1,0.0,0.0,0.0,test:/0/@dispositifs.0/@protocoles.0/@traitements.555
['test:/0/@dispositifs.0/@protocoles.0/@facteurs.0/@modalites.556'],35_22,557,1,0.0,0.0,0.0,test:/0/@dispositifs.0/@protocoles.0/@traitements.556
['test:/0/@dispositifs.0/@protocoles.0/@facteurs.0/@modalites.557'],18_67,558,1,0.0,0.0,0.0,test:/0/@dispositifs.0/@protocoles.0/@traitements.557
['test:/0/@dispositifs.0/@protocoles.0/@facteurs.0/@modalites.558'],18_66,559,1,0.0,0.0,0.0,test:/0/@dispositifs.0/@protocoles.0/@traitements.558
['test:/0/@dispositifs.0/@protocoles.0/@facteurs.0/@modalites.559'],1_25,560,1,0.0,0.0,0.0,test:/0/@dispositifs.0/@protocoles.0/@traitements.559
['test:/0/@dispositifs.0/@protocoles.0/@facteurs.0/@modalites.560'],11_25,561,1,0.0,0.0,0.0,test:/0/@dispositifs.0/@protocoles.0/@traitements.560
['test:/0/@dispositifs.0/@protocoles.0/@facteurs.0/@modalites.561'],27_58,562,1,0.0,0.0,0.0,test:/0/@dispositifs.0/@protocoles.0/@traitements.561
['test:/0/@dispositifs.0/@protocoles.0/@facteurs.0/@modalites.562'],26_37,563,1,0.0,0.0,0.0,test:/0/@dispositifs.0/@protocoles.0/@traitements.562
['test:/0/@dispositifs.0/@protocoles.0/@facteurs.0/@modalites.563'],13_87,564,1,0.0,0.0,0.0,test:/0/@dispositifs.0/@protocoles.0/@traitements.563
['test:/0/@dispositifs.0/@protocoles.0/@facteurs.0/@modalites.564'],32_46,565,1,0.0,0.0,0.0,test:/0/@dispositifs.0/@protocoles.0/@traitements.564
['test:/0/@dispositifs.0/@protocoles.0/@facteurs.0/@modalites.565'],16_60,566,1,0.0,0.0,0.0,test:/0/@dispositifs.0/@protocoles.0/@traitements.565
['test:/0/@dispositifs.0/@protocoles.0/@facteurs.0/@modalites.566'],2_21,567,1,0.0,0.0,0.0,test:/0/@dispositifs.0/@protocoles.0/@traitements.566
['test:/0/@dispositifs.0/@protocoles.0/@facteurs.0/@modalites.567'],4_31,568,1,0.0,0.0,0.0,test:/0/@dispositifs.0/@protocoles.0/@traitements.567
['test:/0/@dispositifs.0/@protocoles.0/@facteurs.0/@modalites.568'],29_38,569,1,0.0,0.0,0.0,test:/0/@dispositifs.0/@protocoles.0/@traitements.568
['test:/0/@dispositifs.0/@protocoles.0/@facteurs.0/@modalites.569'],14_72,570,1,0.0,0.0,0.0,test:/0/@dispositifs.0/@protocoles.0/@traitements.569
['test:/0/@dispositifs.0/@protocoles.0/@facteurs.0/@modalites.570'],13_71,571,1,0.0,0.0,0.0,test:/0/@dispositifs.0/@protocoles.0/@traitements.570
['test:/0/@dispositifs.0/@protocoles.0/@facteurs.0/@modalites.571'],13_73,572,1,0.0,0.0,0.0,test:/0/@dispositifs.0/@protocoles.0/@traitements.571
['test:/0/@dispositifs.0/@protocoles.0/@facteurs.0/@modalites.572'],14_79,573,1,0.0,0.0,0.0,test:/0/@dispositifs.0/@protocoles.0/@traitements.572
['test:/0/@dispositifs.0/@protocoles.0/@facteurs.0/@modalites.573'],18_57,574,1,0.0,0.0,0.0,test:/0/@dispositifs.0/@protocoles.0/@traitements.573
['test:/0/@dispositifs.0/@protocoles.0/@facteurs.0/@modalites.574'],29_34,575,1,0.0,0.0,0.0,test:/0/@dispositifs.0/@protocoles.0/@traitements.574
['test:/0/@dispositifs.0/@protocoles.0/@facteurs.0/@modalites.575'],14_75,576,1,0.0,0.0,0.0,test:/0/@dispositifs.0/@protocoles.0/@traitements.575
['test:/0/@dispositifs.0/@protocoles.0/@facteurs.0/@modalites.576'],27_62,577,1,0.0,0.0,0.0,test:/0/@dispositifs.0/@protocoles.0/@traitements.576
['test:/0/@dispositifs.0/@protocoles.0/@facteurs.0/@modalites.577'],11_26,578,1,0.0,0.0,0.0,test:/0/@dispositifs.0/@protocoles.0/@traitements.577
['test:/0/@dispositifs.0/@protocoles.0/@facteurs.0/@modalites.578'],13_88,579,1,0.0,0.0,0.0,test:/0/@dispositifs.0/@protocoles.0/@traitements.578
['test:/0/@dispositifs.0/@protocoles.0/@facteurs.0/@modalites.579'],29_39,580,1,0.0,0.0,0.0,test:/0/@dispositifs.0/@protocoles.0/@traitements.579
['test:/0/@dispositifs.0/@protocoles.0/@facteurs.0/@modalites.580'],27_61,581,1,0.0,0.0,0.0,test:/0/@dispositifs.0/@protocoles.0/@traitements.580
['test:/0/@dispositifs.0/@protocoles.0/@facteurs.0/@modalites.581'],26_38,582,1,0.0,0.0,0.0,test:/0/@dispositifs.0/@protocoles.0/@traitements.581
['test:/0/@dispositifs.0/@protocoles.0/@facteurs.0/@modalites.582'],14_91,583,1,0.0,0.0,0.0,test:/0/@dispositifs.0/@protocoles.0/@traitements.582
['test:/0/@dispositifs.0/@protocoles.0/@facteurs.0/@modalites.583'],1_27,584,1,0.0,0.0,0.0,test:/0/@dispositifs.0/@protocoles.0/@traitements.583
['test:/0/@dispositifs.0/@protocoles.0/@facteurs.0/@modalites.584'],25_24,585,1,0.0,0.0,0.0,test:/0/@dispositifs.0/@protocoles.0/@traitements.584
['test:/0/@dispositifs.0/@protocoles.0/@facteurs.0/@modalites.585'],2_22,586,1,0.0,0.0,0.0,test:/0/@dispositifs.0/@protocoles.0/@traitements.585
['test:/0/@dispositifs.0/@protocoles.0/@facteurs.0/@modalites.586'],36_23,587,1,0.0,0.0,0.0,test:/0/@dispositifs.0/@protocoles.0/@traitements.586
['test:/0/@dispositifs.0/@protocoles.0/@facteurs.0/@modalites.587'],32_47,588,1,0.0,0.0,0.0,test:/0/@dispositifs.0/@protocoles.0/@traitements.587
['test:/0/@dispositifs.0/@protocoles.0/@facteurs.0/@modalites.588'],32_48,589,1,0.0,0.0,0.0,test:/0/@dispositifs.0/@protocoles.0/@traitements.588
['test:/0/@dispositifs.0/@protocoles.0/@facteurs.0/@modalites.589'],5_30,590,1,0.0,0.0,0.0,test:/0/@dispositifs.0/@protocoles.0/@traitements.589
['test:/0/@dispositifs.0/@protocoles.0/@facteurs.0/@modalites.590'],13_76,591,1,0.0,0.0,0.0,test:/0/@dispositifs.0/@protocoles.0/@traitements.590
['test:/0/@dispositifs.0/@protocoles.0/@facteurs.0/@modalites.591'],14_80,592,1,0.0,0.0,0.0,test:/0/@dispositifs.0/@protocoles.0/@traitements.591
['test:/0/@dispositifs.0/@protocoles.0/@facteurs.0/@modalites.592'],14_83,593,1,0.0,0.0,0.0,test:/0/@dispositifs.0/@protocoles.0/@traitements.592
['test:/0/@dispositifs.0/@protocoles.0/@facteurs.0/@modalites.593'],18_72,594,1,0.0,0.0,0.0,test:/0/@dispositifs.0/@protocoles.0/@traitements.593
['test:/0/@dispositifs.0/@protocoles.0/@facteurs.0/@modalites.594'],32_51,595,1,0.0,0.0,0.0,test:/0/@dispositifs.0/@protocoles.0/@traitements.594
['test:/0/@dispositifs.0/@protocoles.0/@facteurs.0/@modalites.595'],18_64,596,1,0.0,0.0,0.0,test:/0/@dispositifs.0/@protocoles.0/@traitements.595
['test:/0/@dispositifs.0/@protocoles.0/@facteurs.0/@modalites.596'],11_27,597,1,0.0,0.0,0.0,test:/0/@dispositifs.0/@protocoles.0/@traitements.596
['test:/0/@dispositifs.0/@protocoles.0/@facteurs.0/@modalites.597'],29_40,598,1,0.0,0.0,0.0,test:/0/@dispositifs.0/@protocoles.0/@traitements.597
['test:/0/@dispositifs.0/@protocoles.0/@facteurs.0/@modalites.598'],13_94,599,1,0.0,0.0,0.0,test:/0/@dispositifs.0/@protocoles.0/@traitements.598
['test:/0/@dispositifs.0/@protocoles.0/@facteurs.0/@modalites.599'],30_32,600,1,0.0,0.0,0.0,test:/0/@dispositifs.0/@protocoles.0/@traitements.599
['test:/0/@dispositifs.0/@protocoles.0/@facteurs.0/@modalites.600'],26_41,601,1,0.0,0.0,0.0,test:/0/@dispositifs.0/@protocoles.0/@traitements.600
['test:/0/@dispositifs.0/@protocoles.0/@facteurs.0/@modalites.601'],4_33,602,1,0.0,0.0,0.0,test:/0/@dispositifs.0/@protocoles.0/@traitements.601
['test:/0/@dispositifs.0/@protocoles.0/@facteurs.0/@modalites.602'],35_23,603,1,0.0,0.0,0.0,test:/0/@dispositifs.0/@protocoles.0/@traitements.602
['test:/0/@dispositifs.0/@protocoles.0/@facteurs.0/@modalites.603'],25_27,604,1,0.0,0.0,0.0,test:/0/@dispositifs.0/@protocoles.0/@traitements.603
['test:/0/@dispositifs.0/@protocoles.0/@facteurs.0/@modalites.604'],13_93,605,1,0.0,0.0,0.0,test:/0/@dispositifs.0/@protocoles.0/@traitements.604
['test:/0/@dispositifs.0/@protocoles.0/@facteurs.0/@modalites.605'],16_64,606,1,0.0,0.0,0.0,test:/0/@dispositifs.0/@protocoles.0/@traitements.605
['test:/0/@dispositifs.0/@protocoles.0/@facteurs.0/@modalites.606'],27_65,607,1,0.0,0.0,0.0,test:/0/@dispositifs.0/@protocoles.0/@traitements.606
['test:/0/@dispositifs.0/@protocoles.0/@facteurs.0/@modalites.607'],14_96,608,1,0.0,0.0,0.0,test:/0/@dispositifs.0/@protocoles.0/@traitements.607
['test:/0/@dispositifs.0/@protocoles.0/@facteurs.0/@modalites.608'],14_84,609,1,0.0,0.0,0.0,test:/0/@dispositifs.0/@protocoles.0/@traitements.608
['test:/0/@dispositifs.0/@protocoles.0/@facteurs.0/@modalites.609'],13_79,610,1,0.0,0.0,0.0,test:/0/@dispositifs.0/@protocoles.0/@traitements.609
['test:/0/@dispositifs.0/@protocoles.0/@facteurs.0/@modalites.610'],2_23,611,1,0.0,0.0,0.0,test:/0/@dispositifs.0/@protocoles.0/@traitements.610
['test:/0/@dispositifs.0/@protocoles.0/@facteurs.0/@modalites.611'],26_39,612,1,0.0,0.0,0.0,test:/0/@dispositifs.0/@protocoles.0/@traitements.611
['test:/0/@dispositifs.0/@protocoles.0/@facteurs.0/@modalites.612'],32_50,613,1,0.0,0.0,0.0,test:/0/@dispositifs.0/@protocoles.0/@traitements.612
['test:/0/@dispositifs.0/@protocoles.0/@facteurs.0/@modalites.613'],18_69,614,1,0.0,0.0,0.0,test:/0/@dispositifs.0/@protocoles.0/@traitements.613
['test:/0/@dispositifs.0/@protocoles.0/@facteurs.0/@modalites.614'],27_64,615,1,0.0,0.0,0.0,test:/0/@dispositifs.0/@protocoles.0/@traitements.614
['test:/0/@dispositifs.0/@protocoles.0/@facteurs.0/@modalites.615'],32_49,616,1,0.0,0.0,0.0,test:/0/@dispositifs.0/@protocoles.0/@traitements.615
['test:/0/@dispositifs.0/@protocoles.0/@facteurs.0/@modalites.616'],13_91,617,1,0.0,0.0,0.0,test:/0/@dispositifs.0/@protocoles.0/@traitements.616
['test:/0/@dispositifs.0/@protocoles.0/@facteurs.0/@modalites.617'],16_62,618,1,0.0,0.0,0.0,test:/0/@dispositifs.0/@protocoles.0/@traitements.617
['test:/0/@dispositifs.0/@protocoles.0/@facteurs.0/@modalites.618'],27_63,619,1,0.0,0.0,0.0,test:/0/@dispositifs.0/@protocoles.0/@traitements.618
['test:/0/@dispositifs.0/@protocoles.0/@facteurs.0/@modalites.619'],18_70,620,1,0.0,0.0,0.0,test:/0/@dispositifs.0/@protocoles.0/@traitements.619
['test:/0/@dispositifs.0/@protocoles.0/@facteurs.0/@modalites.620'],18_73,621,1,0.0,0.0,0.0,test:/0/@dispositifs.0/@protocoles.0/@traitements.620
['test:/0/@dispositifs.0/@protocoles.0/@facteurs.0/@modalites.621'],14_94,622,1,0.0,0.0,0.0,test:/0/@dispositifs.0/@protocoles.0/@traitements.621
['test:/0/@dispositifs.0/@protocoles.0/@facteurs.0/@modalites.622'],14_95,623,1,0.0,0.0,0.0,test:/0/@dispositifs.0/@protocoles.0/@traitements.622
['test:/0/@dispositifs.0/@protocoles.0/@facteurs.0/@modalites.623'],13_92,624,1,0.0,0.0,0.0,test:/0/@dispositifs.0/@protocoles.0/@traitements.623
['test:/0/@dispositifs.0/@protocoles.0/@facteurs.0/@modalites.624'],30_31,625,1,0.0,0.0,0.0,test:/0/@dispositifs.0/@protocoles.0/@traitements.624
['test:/0/@dispositifs.0/@protocoles.0/@facteurs.0/@modalites.625'],11_28,626,1,0.0,0.0,0.0,test:/0/@dispositifs.0/@protocoles.0/@traitements.625
['test:/0/@dispositifs.0/@protocoles.0/@facteurs.0/@modalites.626'],16_65,627,1,0.0,0.0,0.0,test:/0/@dispositifs.0/@protocoles.0/@traitements.626
['test:/0/@dispositifs.0/@protocoles.0/@facteurs.0/@modalites.627'],13_96,628,1,0.0,0.0,0.0,test:/0/@dispositifs.0/@protocoles.0/@traitements.627
['test:/0/@dispositifs.0/@protocoles.0/@facteurs.0/@modalites.628'],30_34,629,1,0.0,0.0,0.0,test:/0/@dispositifs.0/@protocoles.0/@traitements.628
['test:/0/@dispositifs.0/@protocoles.0/@facteurs.0/@modalites.629'],29_46,630,1,0.0,0.0,0.0,test:/0/@dispositifs.0/@protocoles.0/@traitements.629
['test:/0/@dispositifs.0/@protocoles.0/@facteurs.0/@modalites.630'],16_75,631,1,0.0,0.0,0.0,test:/0/@dispositifs.0/@protocoles.0/@traitements.630
['test:/0/@dispositifs.0/@protocoles.0/@facteurs.0/@modalites.631'],26_45,632,1,0.0,0.0,0.0,test:/0/@dispositifs.0/@protocoles.0/@traitements.631
['test:/0/@dispositifs.0/@protocoles.0/@facteurs.0/@modalites.632'],27_71,633,1,0.0,0.0,0.0,test:/0/@dispositifs.0/@protocoles.0/@traitements.632
['test:/0/@dispositifs.0/@protocoles.0/@facteurs.0/@modalites.633'],31_23,634,1,0.0,0.0,0.0,test:/0/@dispositifs.0/@protocoles.0/@traitements.633
['test:/0/@dispositifs.0/@protocoles.0/@facteurs.0/@modalites.634'],14_103,635,1,0.0,0.0,0.0,test:/0/@dispositifs.0/@protocoles.0/@traitements.634
['test:/0/@dispositifs.0/@protocoles.0/@facteurs.0/@modalites.635'],11_29,636,1,0.0,0.0,0.0,test:/0/@dispositifs.0/@protocoles.0/@traitements.635
['test:/0/@dispositifs.0/@protocoles.0/@facteurs.0/@modalites.636'],35_25,637,1,0.0,0.0,0.0,test:/0/@dispositifs.0/@protocoles.0/@traitements.636
['test:/0/@dispositifs.0/@protocoles.0/@facteurs.0/@modalites.637'],13_100,638,1,0.0,0.0,0.0,test:/0/@dispositifs.0/@protocoles.0/@traitements.637
['test:/0/@dispositifs.0/@protocoles.0/@facteurs.0/@modalites.638'],6_51,639,1,0.0,0.0,0.0,test:/0/@dispositifs.0/@protocoles.0/@traitements.638
['test:/0/@dispositifs.0/@protocoles.0/@facteurs.0/@modalites.639'],32_56,640,1,0.0,0.0,0.0,test:/0/@dispositifs.0/@protocoles.0/@traitements.639
['test:/0/@dispositifs.0/@protocoles.0/@facteurs.0/@modalites.640'],16_72,641,1,0.0,0.0,0.0,test:/0/@dispositifs.0/@protocoles.0/@traitements.640
['test:/0/@dispositifs.0/@protocoles.0/@facteurs.0/@modalites.641'],18_78,642,1,0.0,0.0,0.0,test:/0/@dispositifs.0/@protocoles.0/@traitements.641
['test:/0/@dispositifs.0/@protocoles.0/@facteurs.0/@modalites.642'],14_104,643,1,0.0,0.0,0.0,test:/0/@dispositifs.0/@protocoles.0/@traitements.642
['test:/0/@dispositifs.0/@protocoles.0/@facteurs.0/@modalites.643'],13_101,644,1,0.0,0.0,0.0,test:/0/@dispositifs.0/@protocoles.0/@traitements.643
['test:/0/@dispositifs.0/@protocoles.0/@facteurs.0/@modalites.644'],17_28,645,1,0.0,0.0,0.0,test:/0/@dispositifs.0/@protocoles.0/@traitements.644
['test:/0/@dispositifs.0/@protocoles.0/@facteurs.0/@modalites.645'],25_30,646,1,0.0,0.0,0.0,test:/0/@dispositifs.0/@protocoles.0/@traitements.645
['test:/0/@dispositifs.0/@protocoles.0/@facteurs.0/@modalites.646'],14_98,647,1,0.0,0.0,0.0,test:/0/@dispositifs.0/@protocoles.0/@traitements.646
['test:/0/@dispositifs.0/@protocoles.0/@facteurs.0/@modalites.647'],4_35,648,1,0.0,0.0,0.0,test:/0/@dispositifs.0/@protocoles.0/@traitements.647
['test:/0/@dispositifs.0/@protocoles.0/@facteurs.0/@modalites.648'],31_19,649,1,0.0,0.0,0.0,test:/0/@dispositifs.0/@protocoles.0/@traitements.648
['test:/0/@dispositifs.0/@protocoles.0/@facteurs.0/@modalites.649'],6_48,650,1,0.0,0.0,0.0,test:/0/@dispositifs.0/@protocoles.0/@traitements.649
['test:/0/@dispositifs.0/@protocoles.0/@facteurs.0/@modalites.650'],11_30,651,1,0.0,0.0,0.0,test:/0/@dispositifs.0/@protocoles.0/@traitements.650
['test:/0/@dispositifs.0/@protocoles.0/@facteurs.0/@modalites.651'],6_52,652,1,0.0,0.0,0.0,test:/0/@dispositifs.0/@protocoles.0/@traitements.651
['test:/0/@dispositifs.0/@protocoles.0/@facteurs.0/@modalites.652'],16_74,653,1,0.0,0.0,0.0,test:/0/@dispositifs.0/@protocoles.0/@traitements.652
['test:/0/@dispositifs.0/@protocoles.0/@facteurs.0/@modalites.653'],4_39,654,1,0.0,0.0,0.0,test:/0/@dispositifs.0/@protocoles.0/@traitements.653
['test:/0/@dispositifs.0/@protocoles.0/@facteurs.0/@modalites.654'],8_7,655,1,0.0,0.0,0.0,test:/0/@dispositifs.0/@protocoles.0/@traitements.654
['test:/0/@dispositifs.0/@protocoles.0/@facteurs.0/@modalites.655'],11_31,656,1,0.0,0.0,0.0,test:/0/@dispositifs.0/@protocoles.0/@traitements.655
['test:/0/@dispositifs.0/@protocoles.0/@facteurs.0/@modalites.656'],13_102,657,1,0.0,0.0,0.0,test:/0/@dispositifs.0/@protocoles.0/@traitements.656
['test:/0/@dispositifs.0/@protocoles.0/@facteurs.0/@modalites.657'],4_40,658,1,0.0,0.0,0.0,test:/0/@dispositifs.0/@protocoles.0/@traitements.657
['test:/0/@dispositifs.0/@protocoles.0/@facteurs.0/@modalites.658'],14_105,659,1,0.0,0.0,0.0,test:/0/@dispositifs.0/@protocoles.0/@traitements.658
